지점,일시,평균 수온(°C)
22101,2015-10-01,22.4
22101,2015-10-07,21.8
22101,2015-10-08,21.8
22101,2015-10-09,21.5
22101,2015-10-10,21.3
22101,2015-10-11,21
22101,2015-10-12,20.7
22101,2015-10-13,20.5
22101,2015-10-14,20.4
22101,2015-10-15,20.4
22101,2015-10-16,20.4
22101,2015-10-17,20.4
22101,2015-10-18,20.4
22101,2015-10-19,20.4
22101,2015-10-20,20.4
22101,2015-10-21,20.4
22101,2015-10-22,20.3
22101,2015-10-23,20.3
22101,2015-10-24,20.3
22101,2015-10-25,20.1
22101,2015-10-26,20
22101,2015-10-27,19.8
22101,2015-10-28,19.4
22101,2015-10-29,19.2
22101,2015-10-30,18.8
22101,2015-10-31,18.4
22101,2015-11-01,18.2
22101,2015-11-02,18.2
22101,2015-11-03,18.1
22101,2015-11-04,18.1
22101,2015-11-05,18.1
22101,2015-11-06,18
22101,2015-11-07,17.8
22101,2015-11-08,17.6
22101,2015-11-09,17.6
22101,2015-11-10,17.4
22101,2015-11-11,17.4
22101,2015-11-12,17.3
22101,2015-11-13,17.2
22101,2015-11-14,17
22101,2015-11-15,17
22101,2015-11-16,16.9
22101,2015-11-17,16.9
22101,2015-11-18,16.7
22101,2015-11-20,16.5
22101,2015-11-21,16.4
22101,2015-11-22,16.2
22101,2015-11-23,16.1
22101,2015-11-24,15.9
22101,2015-11-25,15.6
22101,2015-11-26,15.1
22101,2015-11-27,14.4
22101,2015-11-28,14
22101,2015-11-29,13.9
22101,2015-11-30,13.7
22101,2015-12-01,13.7
22101,2015-12-02,13.6
22101,2015-12-03,13.3
22101,2015-12-04,12.8
22101,2015-12-05,12.3
22101,2015-12-06,11.9
22101,2015-12-07,11.7
22101,2015-12-08,11.7
22101,2015-12-09,11.7
22101,2015-12-10,11.6
22101,2015-12-11,11.5
22101,2015-12-12,11.4
22101,2015-12-13,11.3
22101,2015-12-14,11.3
22101,2015-12-15,11.2
22101,2015-12-16,11
22101,2015-12-17,10.6
22101,2015-12-18,10.3
22101,2015-12-19,10.2
22101,2015-12-20,10.1
22101,2015-12-21,10
22101,2015-12-22,10
22101,2015-12-23,10
22101,2015-12-24,9.8
22101,2015-12-25,9.6
22101,2015-12-26,9.5
22101,2015-12-27,9.2
22101,2015-12-28,8.8
22101,2015-12-29,8.7
22101,2015-12-30,8.6
22101,2015-12-31,8.6
22101,2016-01-01,8.5
22101,2016-01-02,8.5
22101,2016-01-03,8.6
22101,2016-01-04,8.5
22101,2016-01-05,8.4
22101,2016-01-06,8.2
22101,2016-01-07,8.1
22101,2016-01-08,8
22101,2016-01-09,7.9
22101,2016-01-10,7.8
22101,2016-01-11,7.6
22101,2016-01-12,7.4
22101,2016-01-13,7.2
22101,2016-01-14,7
22101,2016-01-15,7
22101,2016-01-16,6.9
22101,2016-01-17,6.9
22101,2016-01-18,6.7
22101,2016-01-19,6.4
22101,2016-01-20,6
22101,2016-01-21,5.7
22101,2016-01-22,5.4
22101,2016-01-23,5
22101,2016-01-24,4.4
22101,2016-01-25,4
22101,2016-01-26,3.7
22101,2016-01-27,3.7
22101,2016-01-28,3.8
22101,2016-01-29,3.8
22101,2016-01-30,3.8
22101,2016-01-31,3.8
22101,2016-02-01,3.7
22101,2016-02-02,3.6
22101,2016-02-03,3.6
22101,2016-02-04,3.6
22101,2016-02-05,3.6
22101,2016-02-06,3.5
22101,2016-02-07,3.5
22101,2016-02-08,3.5
22101,2016-02-09,3.4
22101,2016-02-10,3.4
22101,2016-02-11,3.4
22101,2016-02-12,3.6
22101,2016-02-13,3.7
22101,2016-02-14,3.7
22101,2016-02-15,3.5
22101,2016-02-16,3.5
22101,2016-02-17,3.5
22101,2016-02-18,3.5
22101,2016-02-20,3.5
22101,2016-02-21,3.5
22101,2016-02-22,3.5
22101,2016-02-23,3.5
22101,2016-02-24,3.4
22101,2016-02-25,3.4
22101,2016-02-26,3.4
22101,2016-02-27,3.5
22101,2016-02-28,3.5
22101,2016-02-29,3.4
22101,2016-03-01,3.4
22101,2016-03-02,3.4
22101,2016-03-03,3.5
22101,2016-03-04,3.7
22101,2016-03-05,3.7
22101,2016-03-06,3.8
22101,2016-03-07,3.9
22101,2016-03-08,3.9
22101,2016-03-09,3.8
22101,2016-03-10,3.8
22101,2016-03-11,3.7
22101,2016-03-12,3.8
22101,2016-03-13,3.8
22101,2016-03-14,3.9
22101,2016-03-15,4
22101,2016-03-16,4.2
22101,2016-03-17,4.3
22101,2016-03-18,4.4
22101,2016-03-19,4.4
22101,2016-03-20,4.6
22101,2016-03-21,4.7
22101,2016-03-22,4.8
22101,2016-03-23,4.9
22101,2016-03-24,4.9
22101,2016-03-25,5.1
22101,2016-03-26,5.1
22101,2016-03-27,5.2
22101,2016-03-28,5.3
22101,2016-03-29,5.4
22101,2016-03-30,5.6
22101,2016-03-31,6
22101,2016-04-01,6.1
22101,2016-04-02,6.1
22101,2016-04-03,5.9
22101,2016-04-04,6.1
22101,2016-04-05,6.1
22101,2016-04-06,6.3
22101,2016-04-07,6.5
22101,2016-04-08,6.6
22101,2016-04-09,6.7
22101,2016-04-10,6.7
22101,2016-04-11,6.8
22101,2016-04-12,7
22101,2016-04-13,7.1
22101,2016-04-14,7.1
22101,2016-04-15,7.2
22101,2016-04-16,7.3
22101,2016-04-17,7.5
22101,2016-04-18,7.6
22101,2016-04-19,7.9
22101,2016-04-20,7.9
22101,2016-04-21,8
22101,2016-04-22,8.1
22101,2016-04-23,8.2
22101,2016-04-24,8.5
22101,2016-04-25,8.5
22101,2016-04-26,8.7
22101,2016-04-27,8.7
22101,2016-04-28,8.9
22101,2016-04-29,9.2
22101,2016-04-30,9.1
22101,2016-05-01,9.3
22101,2016-05-02,9.5
22101,2016-05-03,9.6
22101,2016-05-04,10
22101,2016-05-05,10.4
22101,2016-05-06,10.2
22101,2016-05-07,10.4
22101,2016-05-08,10.6
22101,2016-05-09,10.7
22101,2016-05-10,10.7
22101,2016-05-11,10.9
22101,2016-05-12,11
22101,2016-05-13,11.3
22101,2016-05-14,11.7
22101,2016-05-15,11.6
22101,2016-05-16,11.8
22101,2016-05-17,12.2
22101,2016-05-18,12.2
22101,2016-05-19,12.3
22101,2016-05-20,12.6
22101,2016-05-21,12.8
22101,2016-05-22,12.9
22101,2016-05-23,13
22101,2016-05-24,13.1
22101,2016-05-25,13.2
22101,2016-05-26,13.3
22101,2016-05-27,13.4
22101,2016-05-28,13.7
22101,2016-05-29,14
22101,2016-05-30,14.2
22101,2016-05-31,14.3
22101,2016-06-01,14.5
22101,2016-06-02,14.5
22101,2016-06-03,14.8
22101,2016-06-04,14.7
22101,2016-06-05,14.8
22101,2016-06-06,15
22101,2016-06-07,15.2
22101,2016-06-08,15.2
22101,2016-06-09,15.3
22101,2016-06-10,15.6
22101,2016-06-11,15.7
22101,2016-06-12,15.8
22101,2016-06-13,16
22101,2016-06-14,16
22101,2016-06-15,16
22101,2016-06-16,16.3
22101,2016-06-17,16.4
22101,2016-06-18,16.6
22101,2016-06-19,17
22101,2016-06-20,16.8
22101,2016-06-21,17
22101,2016-06-22,17.1
22101,2016-06-23,17.3
22101,2016-06-24,17.3
22101,2016-06-25,17.5
22101,2016-06-26,17.8
22101,2016-06-27,18
22101,2016-06-28,18.1
22101,2016-06-29,18.3
22101,2016-06-30,18.2
22101,2016-07-01,18.3
22101,2016-07-02,18.7
22101,2016-07-03,18.5
22101,2016-07-04,18.5
22101,2016-07-05,18.7
22101,2016-07-06,19
22101,2016-07-07,19
22101,2016-07-08,19.2
22101,2016-07-09,19.4
22101,2016-07-10,19.6
22101,2016-07-11,20
22101,2016-07-12,20.1
22101,2016-07-13,20.1
22101,2016-07-14,20.7
22101,2016-07-15,20.3
22101,2016-07-16,20.3
22101,2016-07-17,20.3
22101,2016-07-18,20.5
22101,2016-07-19,20.7
22101,2016-07-20,20.8
22101,2016-07-21,21
22101,2016-07-22,21.1
22101,2016-07-23,21.1
22101,2016-07-24,21.2
22101,2016-07-25,21.4
22101,2016-07-26,21.4
22101,2016-07-27,21.6
22101,2016-07-28,21.8
22101,2016-07-29,21.9
22101,2016-07-30,22
22101,2016-07-31,22.2
22101,2016-08-01,22.3
22101,2016-08-02,22.2
22101,2016-08-03,22.4
22101,2016-08-04,22.7
22101,2016-08-05,23
22101,2016-08-06,23.1
22101,2016-08-07,23.2
22101,2016-08-08,23.4
22101,2016-08-09,23.7
22101,2016-08-10,23.8
22101,2016-08-11,24.2
22101,2016-08-12,24.4
22101,2016-08-13,24.6
22101,2016-08-14,24.9
22101,2016-08-15,25.1
22101,2016-08-16,24.8
22101,2016-08-17,24.8
22101,2016-08-18,24.7
22101,2016-08-19,24.8
22101,2016-08-20,25.1
22101,2016-08-21,25.1
22101,2016-08-22,25
22101,2016-08-23,25.1
22101,2016-08-24,25
22101,2016-08-25,25.3
22101,2016-08-26,25.2
22101,2016-08-27,25.1
22101,2016-08-28,24.9
22101,2016-08-29,24.8
22101,2016-08-30,24.6
22101,2016-08-31,24.2
22101,2016-09-01,24
22101,2016-09-02,24
22101,2016-09-03,24.1
22101,2016-09-04,24
22101,2016-09-05,23.9
22101,2016-09-06,24
22101,2016-09-07,24
22101,2016-09-08,24
22101,2016-09-09,24.1
22101,2016-09-10,24.2
22101,2016-09-11,24.2
22101,2016-09-12,24.3
22101,2016-09-13,24.3
22101,2016-09-14,24.2
22101,2016-09-15,24.2
22101,2016-09-16,24.1
22101,2016-09-17,24.1
22101,2016-09-18,24
22101,2016-09-19,23.9
22101,2016-09-20,23.6
22101,2016-09-21,23.5
22101,2016-09-22,23.3
22101,2016-09-23,23.3
22101,2016-09-24,23.4
22101,2016-09-25,23.5
22101,2016-09-26,23.4
22101,2016-09-27,23.3
22101,2016-09-28,23.2
22101,2016-09-29,23.1
22101,2016-09-30,23.1
22101,2016-10-01,23
22101,2016-10-02,22.8
22101,2016-10-03,22.8
22101,2016-10-04,22.7
22101,2016-10-05,22.6
22101,2016-10-06,22.5
22101,2016-10-07,22.3
22101,2016-10-08,22.2
22101,2016-10-09,21.9
22101,2016-10-10,21.6
22101,2016-10-11,21.5
22101,2016-10-12,21.3
22101,2016-10-13,21.1
22101,2016-10-14,21
22101,2016-10-15,20.9
22101,2016-10-16,20.8
22101,2016-10-17,20.7
22101,2016-10-18,20.6
22101,2016-10-19,20.5
22101,2016-10-20,20.4
22101,2016-10-21,20.3
22101,2016-10-22,20.2
22101,2016-10-23,20.1
22101,2016-10-24,19.9
22101,2016-10-25,19.8
22101,2016-10-26,19.7
22101,2016-10-27,19.6
22101,2016-10-28,19.4
22101,2016-10-29,19
22101,2016-10-30,18.6
22101,2016-10-31,18.3
22101,2016-11-01,17.8
22101,2016-11-02,17.4
22101,2016-11-03,17.2
22101,2016-11-04,17.1
22101,2016-11-05,17
22101,2016-11-06,17
22101,2016-11-07,17
22101,2016-11-08,16.8
22101,2016-11-09,16.4
22101,2016-11-10,16.2
22101,2016-11-11,15.9
22101,2016-11-12,15.7
22101,2016-11-13,15.6
22101,2016-11-14,15.7
22101,2016-11-15,15.4
22101,2016-11-16,15.2
22101,2016-11-17,15
22101,2016-11-18,15
22101,2016-11-19,14.9
22101,2016-11-20,14.8
22101,2016-11-21,14.7
22101,2016-11-22,14.5
22101,2016-11-23,14.1
22101,2016-11-24,13.8
22101,2016-11-25,13.5
22101,2016-11-26,13.3
22101,2016-11-27,13.2
22101,2016-11-28,12.9
22101,2016-11-29,12.6
22101,2016-11-30,12.6
22101,2016-12-01,12.3
22101,2016-12-02,12.1
22101,2016-12-03,12
22101,2016-12-04,12
22101,2016-12-05,12
22101,2016-12-06,11.7
22101,2016-12-07,11.6
22101,2016-12-08,11.4
22101,2016-12-09,11.2
22101,2016-12-10,11
22101,2016-12-11,10.9
22101,2016-12-12,10.7
22101,2016-12-13,10.5
22101,2016-12-14,10.2
22101,2016-12-15,9.8
22101,2016-12-16,9.5
22101,2016-12-17,9.4
22101,2016-12-18,9.3
22101,2016-12-19,9.3
22101,2016-12-20,9.3
22101,2016-12-21,9.4
22101,2016-12-22,9.4
22101,2016-12-23,9.2
22101,2016-12-24,9
22101,2016-12-25,8.9
22101,2016-12-26,8.8
22101,2016-12-27,8.6
22101,2016-12-28,8.4
22101,2016-12-29,8.1
22101,2016-12-30,7.9
22101,2016-12-31,7.8
22101,2017-01-01,7.8
22101,2017-01-02,7.8
22101,2017-01-03,7.8
22101,2017-01-04,7.8
22101,2017-01-05,7.7
22101,2017-01-06,7.7
22101,2017-01-07,7.7
22101,2017-01-08,7.7
22101,2017-01-09,7.6
22101,2017-01-10,7.5
22101,2017-01-11,7.3
22101,2017-01-12,7.1
22101,2017-01-13,6.9
22101,2017-01-14,6.5
22101,2017-01-15,6.2
22101,2017-01-16,5.9
22101,2017-01-17,5.8
22101,2017-01-18,5.9
22101,2017-01-19,5.8
22101,2017-01-20,5.8
22101,2017-01-21,5.7
22101,2017-01-22,5.5
22101,2017-01-23,5.2
22101,2017-01-24,5
22101,2017-01-25,4.8
22101,2017-01-26,4.7
22101,2017-01-27,4.6
22101,2017-01-28,4.5
22101,2017-01-29,4.4
22101,2017-01-30,4.3
22101,2017-01-31,4.2
22101,2017-02-01,4.1
22101,2017-02-02,4.1
22101,2017-02-03,4
22101,2017-02-04,4
22101,2017-02-05,4.1
22101,2017-02-06,4
22101,2017-02-07,3.9
22101,2017-02-08,3.8
22101,2017-02-09,3.7
22101,2017-02-10,3.5
22101,2017-02-11,3.3
22101,2017-02-12,3.1
22101,2017-02-13,3
22101,2017-02-14,3.1
22101,2017-02-15,3.1
22101,2017-02-16,3.3
22101,2017-02-17,3.3
22101,2017-02-18,3.3
22101,2017-02-19,3.3
22101,2017-02-20,3.2
22101,2017-02-21,3.3
22101,2017-02-22,3.2
22101,2017-02-23,3.2
22101,2017-02-24,3.2
22101,2017-02-25,3.2
22101,2017-02-26,3.2
22101,2017-02-27,3.3
22101,2017-02-28,3.3
22101,2017-03-01,3.3
22101,2017-03-02,3.4
22101,2017-03-03,3.5
22101,2017-03-04,3.6
22101,2017-03-05,3.7
22101,2017-03-06,3.6
22101,2017-03-07,3.6
22101,2017-03-08,3.7
22101,2017-03-09,3.7
22101,2017-03-10,3.8
22101,2017-03-11,3.9
22101,2017-03-12,4
22101,2017-03-13,4.1
22101,2017-03-14,4.1
22101,2017-03-15,4.2
22101,2017-03-16,4.3
22101,2017-03-17,4.4
22101,2017-03-18,4.5
22101,2017-03-19,4.7
22101,2017-03-20,4.7
22101,2017-03-21,4.8
22101,2017-03-22,5
22101,2017-03-23,5
22101,2017-03-24,5.1
22101,2017-03-25,5.1
22101,2017-03-26,5.2
22101,2017-03-27,5.3
22101,2017-03-28,5.4
22101,2017-03-29,5.5
22101,2017-03-30,5.6
22101,2017-03-31,5.6
22101,2017-04-01,5.8
22101,2017-04-02,5.9
22101,2017-04-03,6
22101,2017-04-04,6.2
22101,2017-04-05,6.2
22101,2017-04-06,6.3
22101,2017-04-07,6.5
22101,2017-04-08,6.5
22101,2017-04-09,6.7
22101,2017-04-10,6.8
22101,2017-04-11,7
22101,2017-04-12,7.2
22101,2017-04-13,7.3
22101,2017-04-14,7.3
22101,2017-04-15,7.5
22101,2017-04-16,7.6
22101,2017-04-17,7.7
22101,2017-04-18,7.7
22101,2017-04-19,8
22101,2017-04-20,8
22101,2017-04-21,8.2
22101,2017-04-22,8.3
22101,2017-04-23,8.3
22101,2017-04-24,8.5
22101,2017-04-25,8.8
22101,2017-04-26,8.9
22101,2017-04-27,9.1
22101,2017-04-28,9.2
22101,2017-04-29,9.3
22101,2017-04-30,9.5
22101,2017-05-01,9.6
22101,2017-05-02,9.9
22101,2017-05-03,10
22101,2017-05-04,10.1
22101,2017-05-05,10.5
22101,2017-05-06,10.4
22101,2017-05-07,10.6
22101,2017-05-08,10.7
22101,2017-05-09,10.7
22101,2017-05-10,10.9
22101,2017-05-11,11.1
22101,2017-05-12,11.2
22101,2017-05-13,11.3
22101,2017-05-14,11.4
22101,2017-05-15,11.6
22101,2017-05-16,11.8
22101,2017-05-17,12.1
22101,2017-05-18,12.2
22101,2017-05-19,12.4
22101,2017-05-20,12.7
22101,2017-05-21,12.9
22101,2017-05-22,12.9
22101,2017-05-23,12.9
22101,2017-05-24,13.2
22101,2017-05-25,13.3
22101,2017-05-26,13.5
22101,2017-05-27,13.7
22101,2017-05-28,13.8
22101,2017-05-29,14
22101,2017-05-30,14.2
22101,2017-05-31,14.4
22101,2017-06-01,14.4
22101,2017-06-02,14.7
22101,2017-06-03,14.9
22101,2017-06-04,15
22101,2017-06-05,15.3
22101,2017-06-06,15.2
22101,2017-06-07,15.3
22101,2017-06-08,15.4
22101,2017-06-09,15.5
22101,2017-06-10,15.8
22101,2017-06-11,15.9
22101,2017-06-12,15.9
22101,2017-06-13,16.1
22101,2017-06-14,16.2
22101,2017-06-15,16.4
22101,2017-06-16,16.6
22101,2017-06-17,16.8
22101,2017-06-18,16.9
22101,2017-06-19,17.2
22101,2017-06-20,17.1
22101,2017-06-21,17.3
22101,2017-06-22,17.6
22101,2017-06-23,17.7
22101,2017-06-24,17.6
22101,2017-06-25,17.9
22101,2017-06-26,18.1
22101,2017-06-27,18.2
22101,2017-06-28,18.2
22101,2017-06-29,18.4
22101,2017-06-30,18.5
22101,2017-07-01,18.7
22101,2017-07-02,18.8
22101,2017-07-03,19
22101,2017-07-04,19.1
22101,2017-07-05,19.3
22101,2017-07-06,19.5
22101,2017-07-07,19.3
22101,2017-07-08,19.4
22101,2017-07-09,19.6
22101,2017-07-10,19.7
22101,2017-07-11,19.8
22101,2017-07-12,20
22101,2017-07-13,20.1
22101,2017-07-14,20.3
22101,2017-07-15,20.4
22101,2017-07-16,20.6
22101,2017-07-17,20.5
22101,2017-07-18,20.9
22101,2017-07-19,21.3
22101,2017-07-20,21.1
22101,2017-07-21,21.4
22101,2017-07-22,21.5
22101,2017-07-23,21.5
22101,2017-07-24,21.6
22101,2017-07-25,21.9
22101,2017-07-26,22.1
22101,2017-07-27,22.1
22101,2017-07-28,22.2
22101,2017-07-29,22.3
22101,2017-07-30,22.6
22101,2017-07-31,22.5
22101,2017-08-01,22.9
22101,2017-08-02,23.2
22101,2017-08-03,23.1
22101,2017-08-04,23.4
22101,2017-08-05,23.6
22101,2017-08-06,23.5
22101,2017-08-07,23.6
22101,2017-08-08,23.6
22101,2017-08-09,23.9
22101,2017-08-10,24.1
22101,2017-08-11,24.1
22101,2017-08-12,24.1
22101,2017-08-13,24.1
22101,2017-08-14,24.1
22101,2017-08-15,23.9
22101,2017-08-16,23.9
22101,2017-08-17,24.3
22101,2017-08-18,24.1
22101,2017-08-19,24
22101,2017-08-20,23.9
22101,2017-08-21,24
22101,2017-08-22,24
22101,2017-08-23,24.1
22101,2017-08-24,24.3
22101,2017-08-25,24.3
22101,2017-08-26,24.4
22101,2017-08-27,24.3
22101,2017-08-28,24.3
22101,2017-08-29,24.1
22101,2017-08-30,23.9
22101,2017-08-31,23.9
22101,2017-09-01,23.9
22101,2017-09-02,23.9
22101,2017-09-03,24
22101,2017-09-04,23.8
22101,2017-09-05,23.5
22101,2017-09-06,23.4
22101,2017-09-07,23.5
22101,2017-09-08,23.5
22101,2017-09-09,23.5
22101,2017-09-10,23.4
22101,2017-09-11,23.3
22101,2017-09-12,23.3
22101,2017-09-13,23.2
22101,2017-09-14,23.3
22101,2017-09-15,23.3
22101,2017-09-16,23.1
22101,2017-09-17,23
22101,2017-09-18,23.1
22101,2017-09-19,23
22101,2017-09-20,22.8
22101,2017-09-21,22.7
22101,2017-09-22,22.6
22101,2017-09-23,22.5
22101,2017-09-24,22.4
22101,2017-09-25,22.5
22101,2017-09-26,22.5
22101,2017-09-27,22.5
22101,2017-09-28,22.4
22101,2017-09-29,22.2
22101,2017-09-30,22.2
22101,2017-10-01,22
22101,2017-10-02,21.9
22101,2017-10-03,21.6
22101,2017-10-04,21.2
22101,2017-10-05,21
22101,2017-10-06,20.9
22101,2017-10-07,20.8
22101,2017-10-08,20.7
22101,2017-10-09,20.7
22101,2017-10-10,20.6
22101,2017-10-11,20.5
22101,2017-10-12,20.2
22101,2017-10-13,20
22101,2017-10-14,19.9
22101,2017-10-15,19.7
22101,2017-10-16,19.6
22101,2017-10-17,19.4
22101,2017-10-18,19.2
22101,2017-10-19,19.1
22101,2017-10-20,19
22101,2017-10-21,18.9
22101,2017-10-22,18.8
22101,2017-10-23,18.5
22101,2017-10-24,18.4
22101,2017-10-25,18.4
22101,2017-10-26,18.3
22101,2017-10-27,18.3
22101,2017-10-28,18.3
22101,2017-10-29,18.1
22101,2017-10-30,17.8
22101,2017-10-31,17.7
22101,2017-11-01,17.5
22101,2017-11-02,17.3
22101,2017-11-03,17.2
22101,2017-11-04,16.8
22101,2017-11-05,16.6
22101,2017-11-06,16.4
22101,2017-11-07,16.3
22101,2017-11-08,16.1
22101,2017-11-09,15.9
22101,2017-11-10,15.8
22101,2017-11-11,15.5
22101,2017-11-12,15.3
22101,2017-11-13,15.1
22101,2017-11-14,15
22101,2017-11-15,14.7
22101,2017-11-16,14.4
22101,2017-11-17,14.2
22101,2017-11-18,13.7
22101,2017-11-19,13.3
22101,2017-11-20,13
22101,2017-11-21,12.8
22101,2017-11-22,12.7
22101,2017-11-23,12.4
22101,2017-11-24,12.2
22101,2017-11-25,12
22101,2017-11-26,11.8
22101,2017-11-27,11.7
22101,2017-11-28,11.6
22101,2017-11-29,11.5
22101,2017-11-30,11.2
22101,2017-12-01,11
22101,2017-12-02,10.7
22101,2017-12-03,10.6
22101,2017-12-04,10.3
22101,2017-12-05,10
22101,2017-12-06,9.7
22101,2017-12-07,9.6
22101,2017-12-08,9.4
22101,2017-12-09,9.3
22101,2017-12-10,9.2
22101,2017-12-11,9
22101,2017-12-12,8.5
22101,2017-12-13,8.2
22101,2017-12-14,8
22101,2017-12-15,7.8
22101,2017-12-16,7.5
22101,2017-12-17,7.2
22101,2017-12-18,7
22101,2017-12-19,6.8
22101,2017-12-20,6.6
22101,2017-12-21,6.6
22101,2017-12-22,6.5
22101,2017-12-23,6.6
22101,2017-12-24,6.6
22101,2017-12-25,6.5
22101,2017-12-26,6.4
22101,2017-12-27,6.2
22101,2017-12-28,6
22101,2017-12-29,6
22101,2017-12-30,6
22101,2017-12-31,5.9
22101,2018-01-01,5.8
22101,2018-01-02,5.6
22101,2018-01-03,5.5
22101,2018-01-04,5.2
22101,2018-01-05,5.2
22101,2018-01-06,5.1
22101,2018-01-07,5
22101,2018-01-08,5
22101,2018-01-09,4.9
22101,2018-01-10,4.7
22101,2018-01-11,4.4
22101,2018-01-12,4.2
22101,2018-01-13,4
22101,2018-01-14,4
22101,2018-01-15,4
22101,2018-01-16,4
22101,2018-01-17,4
22101,2018-01-18,4
22101,2018-01-19,4
22101,2018-01-20,4
22101,2018-01-21,4
22101,2018-01-22,4
22101,2018-01-23,3.8
22101,2018-01-24,3.5
22101,2018-01-25,3.2
22101,2018-01-26,2.8
22101,2018-01-27,2.6
22101,2018-01-28,2.6
22101,2018-01-29,2.4
22101,2018-01-30,2.3
22101,2018-01-31,2.1
22101,2018-02-01,2
22101,2018-02-02,2
22101,2018-02-03,1.8
22101,2018-02-04,1.7
22101,2018-02-05,1.5
22101,2018-02-06,1.3
22101,2018-02-07,1.1
22101,2018-02-08,1.2
22101,2018-02-09,1.2
22101,2018-02-10,1.1
22101,2018-02-11,1.1
22101,2018-02-12,1.1
22101,2018-02-13,1.1
22101,2018-02-14,1.1
22101,2018-02-15,1.1
22101,2018-02-16,1.1
22101,2018-02-17,1.1
22101,2018-02-18,1.1
22101,2018-02-19,1.1
22101,2018-02-20,1.2
22101,2018-02-21,1.2
22101,2018-02-22,1.2
22101,2018-02-23,1.3
22101,2018-02-24,1.3
22101,2018-02-25,1.5
22101,2018-02-26,1.5
22101,2018-02-27,1.5
22101,2018-02-28,1.6
22101,2018-03-01,1.6
22101,2018-03-02,1.7
22101,2018-03-03,1.7
22101,2018-03-04,1.8
22101,2018-03-05,2
22101,2018-03-06,2.1
22101,2018-03-07,2.2
22101,2018-03-08,2.2
22101,2018-03-09,2.4
22101,2018-03-10,2.5
22101,2018-03-11,2.7
22101,2018-03-12,2.6
22101,2018-03-13,2.7
22101,2018-03-14,2.9
22101,2018-03-15,3.1
22101,2018-03-16,3.3
22101,2018-03-17,3.3
22101,2018-03-18,3.4
22101,2018-03-19,3.4
22101,2018-03-20,3.5
22101,2018-03-21,3.5
22101,2018-03-22,3.6
22101,2018-03-23,3.7
22101,2018-03-24,3.8
22101,2018-03-25,3.9
22101,2018-03-26,4
22101,2018-03-27,4
22101,2018-03-28,4.1
22101,2018-03-29,4.3
22101,2018-03-30,4.4
22101,2018-03-31,4.7
22101,2018-04-01,4.7
22101,2018-04-02,4.9
22101,2018-04-03,5
22101,2018-04-04,5.1
22101,2018-04-05,5.2
22101,2018-04-06,5.3
22101,2018-04-07,5.3
22101,2018-04-08,5.5
22101,2018-04-09,5.9
22101,2018-04-10,5.7
22101,2018-04-11,5.9
22101,2018-04-12,6.1
22101,2018-04-13,6.1
22101,2018-04-14,6.1
22101,2018-04-15,6.3
22101,2018-04-16,6.5
22101,2018-04-17,6.6
22101,2018-04-18,6.9
22101,2018-04-19,6.9
22101,2018-04-20,7.1
22101,2018-04-21,7.3
22101,2018-04-22,7.4
22101,2018-04-23,7.4
22101,2018-04-24,7.5
22101,2018-04-25,7.7
22101,2018-04-26,7.7
22101,2018-04-27,8
22101,2018-04-28,8
22101,2018-04-29,8.2
22101,2018-04-30,8.3
22101,2018-05-01,8.4
22101,2018-05-02,8.5
22101,2018-05-03,8.6
22101,2018-05-04,8.8
22101,2018-05-05,9
22101,2018-05-06,9.3
22101,2018-05-07,9.4
22101,2018-05-08,9.6
22101,2018-05-09,9.9
22101,2018-05-10,9.6
22101,2018-05-11,9.7
22101,2018-05-12,9.8
22101,2018-05-13,9.9
22101,2018-05-14,10.2
22101,2018-05-15,10.4
22101,2018-05-16,10.5
22101,2018-05-17,10.6
22101,2018-05-18,10.8
22101,2018-05-19,10.9
22101,2018-05-20,10.9
22101,2018-05-21,11.1
22101,2018-05-22,11.2
22101,2018-05-23,11.4
22101,2018-05-24,11.5
22101,2018-05-25,11.7
22101,2018-05-26,11.9
22101,2018-05-27,12
22101,2018-05-28,12.3
22101,2018-05-29,12.3
22101,2018-05-30,12.5
22101,2018-05-31,12.7
22101,2018-06-01,13
22101,2018-06-02,13.1
22101,2018-06-03,13.3
22101,2018-06-04,13.4
22101,2018-06-05,13.7
22101,2018-06-06,14
22101,2018-06-07,13.9
22101,2018-06-08,14.1
22101,2018-06-09,14.3
22101,2018-06-10,14.2
22101,2018-06-11,14.3
22101,2018-06-12,14.6
22101,2018-06-13,14.6
22101,2018-06-14,14.6
22101,2018-06-15,14.9
22101,2018-06-16,15.1
22101,2018-06-17,15
22101,2018-06-18,15.3
22101,2018-06-19,15.4
22101,2018-06-20,15.6
22101,2018-06-21,15.8
22101,2018-06-22,16.1
22101,2018-06-23,16.1
22101,2018-06-24,16.2
22101,2018-06-25,16.5
22101,2018-06-26,16.3
22101,2018-06-27,16.4
22101,2018-06-28,16.6
22101,2018-06-29,16.7
22101,2018-06-30,16.9
22101,2018-07-01,16.9
22101,2018-07-02,17
22101,2018-07-03,17.2
22101,2018-07-04,17.7
22101,2018-07-05,17.8
22101,2018-07-06,17.8
22101,2018-07-07,18.1
22101,2018-07-08,18.2
22101,2018-07-09,18.1
22101,2018-07-10,18.2
22101,2018-07-11,18.5
22101,2018-07-12,18.6
22101,2018-07-13,18.6
22101,2018-07-14,18.8
22101,2018-07-15,19.2
22101,2018-07-16,19.2
22101,2018-07-17,19.2
22101,2018-07-18,19.5
22101,2018-07-19,19.8
22101,2018-07-20,20.1
22101,2018-07-21,20.5
22101,2018-07-22,20.7
22101,2018-07-23,20.9
22101,2018-07-24,21.2
22101,2018-07-25,20.8
22101,2018-07-26,20.9
22101,2018-07-27,21.1
22101,2018-07-28,21.3
22101,2018-07-29,21.4
22101,2018-07-30,21.7
22101,2018-07-31,21.9
22101,2018-08-01,22.1
22101,2018-08-02,22.3
22101,2018-08-03,22.5
22101,2018-08-04,22.7
22101,2018-08-09,23.6
22101,2018-08-16,24.4
22101,2018-08-17,24.3
22101,2018-08-18,24.3
22101,2018-08-20,24.4
22101,2018-08-21,24.5
22101,2018-08-22,24.6
22101,2018-08-23,24.4
22101,2018-08-24,24.3
22101,2018-08-25,24.4
22101,2018-08-26,24.3
22101,2018-08-27,24.2
22101,2018-08-28,24.2
22101,2018-08-29,24.2
22101,2018-08-30,24.2
22101,2018-08-31,24.2
22101,2018-09-01,24.3
22101,2018-09-02,24.3
22101,2018-09-03,24.3
22101,2018-09-04,24.3
22101,2018-09-05,24.5
22101,2018-09-06,24.5
22101,2018-09-07,24.3
22101,2018-09-08,24.3
22101,2018-09-09,24.1
22101,2018-09-10,24.1
22101,2018-09-11,23.9
22101,2018-09-12,23.8
22101,2018-09-13,23.7
22101,2018-09-14,23.7
22101,2018-09-15,23.6
22101,2018-09-16,23.6
22101,2018-09-17,23.6
22101,2018-09-18,23.6
22101,2018-09-19,23.6
22101,2018-09-20,23.4
22101,2018-09-21,23.3
22101,2018-09-23,23.2
22101,2018-09-24,23
22101,2018-09-25,22.8
22101,2018-09-26,22.7
22101,2018-09-27,22.6
22101,2018-09-28,22.4
22101,2018-09-29,22.4
22101,2018-09-30,22.2
22101,2018-10-01,21.9
22101,2018-10-02,21.7
22101,2018-10-03,21.7
22101,2018-10-04,21.6
22101,2018-10-05,21.6
22101,2018-10-06,21.5
22101,2018-10-07,21.3
22101,2018-10-08,21.1
22101,2018-10-09,20.9
22101,2018-10-10,20.6
22101,2018-10-11,20.2
22101,2018-10-12,19.8
22101,2018-10-13,19.7
22101,2018-10-14,19.7
22101,2018-10-15,19.6
22101,2018-10-16,19.5
22101,2018-10-17,19.4
22101,2018-10-18,19.3
22101,2018-10-19,19.2
22101,2018-10-20,19.2
22101,2018-10-21,19.1
22101,2018-10-22,19
22101,2018-10-23,18.9
22101,2018-10-24,18.8
22101,2018-10-25,18.7
22101,2018-10-26,18.5
22101,2018-10-27,18.1
22101,2018-10-28,17.7
22101,2018-10-29,17.4
22101,2018-10-30,17.1
22101,2018-10-31,16.9
22101,2018-11-01,16.8
22101,2018-11-02,16.8
22101,2018-11-03,16.8
22101,2018-11-04,16.7
22101,2018-11-05,16.7
22101,2018-11-06,16.6
22101,2018-11-07,16.5
22101,2018-11-08,16.4
22101,2018-11-09,16.2
22101,2018-11-10,16.1
22101,2018-11-11,15.9
22101,2018-11-12,15.8
22101,2018-11-13,15.6
22101,2018-11-14,15.5
22101,2018-11-15,15.5
22101,2018-11-16,15.4
22101,2018-11-17,15.2
22101,2018-11-18,15.2
22101,2018-11-19,15.1
22101,2018-11-20,14.9
22101,2018-11-21,14.7
22101,2018-11-22,14.4
22101,2018-11-23,14.2
22101,2018-11-24,13.9
22101,2018-11-25,13.8
22101,2018-11-26,13.7
22101,2018-11-27,13.7
22101,2018-11-28,13.5
22101,2018-11-29,13.3
22101,2018-11-30,13.2
22101,2018-12-01,13.1
22101,2018-12-02,13
22101,2018-12-03,13
22101,2018-12-04,12.9
22101,2018-12-05,12.6
22101,2018-12-06,12.4
22101,2018-12-07,11.9
22101,2018-12-08,11.3
22101,2018-12-09,10.7
22101,2018-12-10,10.5
22101,2018-12-11,10.3
22101,2018-12-12,10.1
22101,2018-12-13,10
22101,2018-12-14,9.6
22101,2018-12-15,9.5
22101,2018-12-16,9.4
22101,2018-12-18,9.2
22101,2018-12-19,9.2
22101,2018-12-20,9.1
22101,2018-12-21,9.1
22101,2018-12-22,9
22101,2018-12-23,8.9
22101,2018-12-24,8.7
22101,2018-12-25,8.5
22101,2018-12-26,8.4
22101,2018-12-27,8
22101,2018-12-28,7.5
22101,2018-12-29,7.1
22101,2018-12-30,6.8
22101,2018-12-31,6.7
22101,2019-01-01,6.4
22101,2019-01-02,6.3
22101,2019-01-03,6.2
22101,2019-01-04,6.2
22101,2019-01-05,6
22101,2019-01-06,5.9
22101,2019-01-07,5.8
22101,2019-01-08,5.6
22101,2019-01-09,5.4
22101,2019-01-10,5.3
22101,2019-01-11,5.3
22101,2019-01-12,5.3
22101,2019-01-13,5.3
22101,2019-01-14,5.2
22101,2019-01-15,5.2
22101,2019-01-16,5.1
22101,2019-01-17,5
22101,2019-01-18,4.9
22101,2019-01-19,4.9
22101,2019-01-20,4.8
22101,2019-01-21,4.7
22101,2019-01-22,4.7
22101,2019-01-23,4.6
22101,2019-01-24,4.6
22101,2019-01-25,4.6
22101,2019-01-26,4.4
22101,2019-01-27,4.3
22101,2019-01-28,4.3
22101,2019-01-29,4.3
22101,2019-01-30,4.3
22101,2019-01-31,4.2
22101,2019-02-01,4.2
22101,2019-02-02,4.1
22101,2019-02-03,4.1
22101,2019-02-04,4.1
22101,2019-02-05,4.1
22101,2019-02-06,4.1
22101,2019-02-07,4
22101,2019-02-08,3.8
22101,2019-02-09,3.7
22101,2019-02-10,3.5
22101,2019-02-11,3.4
22101,2019-02-12,3.4
22101,2019-02-13,3.4
22101,2019-02-14,3.3
22101,2019-02-15,3.3
22101,2019-02-16,3.3
22101,2019-02-17,3.3
22101,2019-02-18,3.3
22101,2019-02-19,3.2
22101,2019-02-20,3.2
22101,2019-02-21,3.2
22101,2019-02-22,3.3
22101,2019-02-23,3.4
22101,2019-02-24,3.5
22101,2019-02-25,3.6
22101,2019-02-26,3.7
22101,2019-02-27,3.9
22101,2019-02-28,3.9
22101,2019-03-01,4
22101,2019-03-02,4
22101,2019-03-03,4
22101,2019-03-04,4.1
22101,2019-03-05,4.2
22101,2019-03-06,4.2
22101,2019-03-07,4.3
22101,2019-03-08,4.4
22101,2019-03-09,4.4
22101,2019-03-10,4.5
22101,2019-03-11,4.5
22101,2019-03-12,4.6
22101,2019-03-13,4.6
22101,2019-03-14,4.6
22101,2019-03-15,4.7
22101,2019-03-16,4.7
22101,2019-03-17,4.8
22101,2019-03-18,4.9
22101,2019-03-19,5
22101,2019-03-20,5
22101,2019-03-21,5.1
22101,2019-03-22,5.1
22101,2019-03-23,5.2
22101,2019-03-24,5.2
22101,2019-03-25,5.3
22101,2019-03-26,5.5
22101,2019-03-27,5.6
22101,2019-03-28,5.7
22101,2019-03-29,5.9
22101,2019-03-30,5.9
22101,2019-03-31,5.9
22101,2019-04-01,6
22101,2019-04-02,6.1
22101,2019-04-03,6.2
22101,2019-04-04,6.3
22101,2019-04-05,6.5
22101,2019-04-06,6.5
22101,2019-04-07,6.7
22101,2019-04-08,6.7
22101,2019-04-09,6.8
22101,2019-04-10,6.8
22101,2019-04-11,6.9
22101,2019-04-12,7.2
22101,2019-04-13,7.2
22101,2019-04-14,7.2
22101,2019-04-15,7.4
22101,2019-04-16,7.5
22101,2019-04-17,7.8
22101,2019-04-18,7.7
22101,2019-04-21,8.1
22101,2019-04-22,8.3
22101,2019-04-23,8.3
22101,2019-04-24,8.5
22101,2019-04-25,8.6
22101,2019-04-26,8.6
22101,2019-04-27,8.9
22101,2019-04-28,9.2
22101,2019-04-29,8.8
22101,2019-04-30,9.1
22101,2019-05-01,9.1
22101,2019-05-02,9.4
22101,2019-05-03,9.6
22101,2019-05-04,9.7
22101,2019-05-05,9.8
22101,2019-05-06,9.9
22101,2019-05-07,10.2
22101,2019-05-08,10.2
22101,2019-05-09,10.4
22101,2019-05-10,10.6
22101,2019-05-11,10.8
22101,2019-05-12,10.9
22101,2019-05-13,10.9
22101,2019-05-14,11.3
22101,2019-05-15,11.3
22101,2019-05-16,11.4
22101,2019-05-17,11.6
22101,2019-05-18,11.6
22101,2019-05-19,11.8
22101,2019-05-20,11.9
22101,2019-05-21,12.2
22101,2019-05-22,12.2
22101,2019-05-23,12.4
22101,2019-05-24,12.7
22101,2019-05-25,12.7
22101,2019-05-26,13
22101,2019-05-27,13
22101,2019-05-28,13.3
22101,2019-05-29,13.4
22101,2019-05-30,13.5
22101,2019-05-31,13.8
22101,2019-06-01,13.9
22101,2019-06-02,14.1
22101,2019-06-03,14.1
22101,2019-06-04,14.4
22101,2019-06-05,14.5
22101,2019-06-06,14.5
22101,2019-06-07,14.6
22101,2019-06-08,14.8
22101,2019-06-09,15
22101,2019-06-10,15
22101,2019-06-11,15.3
22101,2019-06-12,15.7
22101,2019-06-13,15.7
22101,2019-06-14,15.7
22101,2019-06-15,15.9
22101,2019-06-16,16.2
22101,2019-06-17,16.2
22101,2019-06-18,16.3
22101,2019-06-19,16.5
22101,2019-06-20,16.7
22101,2019-06-21,16.6
22101,2019-06-22,16.9
22101,2019-06-23,17.1
22101,2019-06-24,17.4
22101,2019-06-25,17.5
22101,2019-06-26,17.4
22101,2019-06-27,17.6
22101,2019-06-28,17.8
22101,2019-06-29,17.8
22101,2019-06-30,17.8
22101,2019-07-01,18.1
22101,2019-07-02,18.2
22101,2019-07-03,18.1
22101,2019-07-04,18.3
22101,2019-07-05,18.6
22101,2019-07-06,18.5
22101,2019-07-07,18.7
22101,2019-07-08,18.8
22101,2019-07-09,19.1
22101,2019-07-10,19
22101,2019-07-11,19
22101,2019-07-12,19.3
22101,2019-07-13,19.4
22101,2019-07-14,19.5
22101,2019-07-15,19.4
22101,2019-07-16,19.5
22101,2019-07-17,19.5
22101,2019-07-18,19.7
22101,2019-07-19,19.9
22101,2019-07-20,19.9
22101,2019-07-21,19.9
22101,2019-07-22,20.1
22101,2019-07-23,20.3
22101,2019-07-24,20.3
22101,2019-07-25,20.4
22101,2019-07-26,20.5
22101,2019-07-27,21
22101,2019-07-28,20.6
22101,2019-07-29,20.8
22101,2019-07-30,20.9
22101,2019-07-31,21
22101,2019-08-01,21
22101,2019-08-02,21.4
22101,2019-08-03,21.6
22101,2019-08-04,21.6
22101,2019-08-05,21.9
22101,2019-08-06,22.1
22101,2019-08-07,22.3
22101,2019-08-08,22.6
22101,2019-08-09,23
22101,2019-08-10,23
22101,2019-08-11,22.8
22101,2019-08-12,23.1
22101,2019-08-13,23.3
22101,2019-08-14,23.3
22101,2019-08-15,23.4
22101,2019-08-18,24.1
22101,2019-08-21,24.3
22101,2019-08-23,24.5
22101,2019-08-27,24.7
22101,2019-08-28,24.9
22101,2019-08-29,24.8
22101,2019-08-30,24.7
22101,2019-08-31,24.7
22101,2019-09-01,24.6
22101,2019-09-02,24.5
22101,2019-09-03,24.5
22101,2019-09-04,24.4
22101,2019-09-05,24.4
22101,2019-09-06,24.4
22101,2019-09-07,24.2
22101,2019-09-08,24.3
22101,2019-09-09,24.4
22101,2019-09-10,24.2
22101,2019-09-11,24.1
22101,2019-09-12,23.8
22101,2019-09-13,23.7
22101,2019-09-14,23.7
22101,2019-09-15,23.6
22101,2019-09-16,23.6
22101,2019-09-17,23.6
22101,2019-09-18,23.4
22101,2019-09-19,23.2
22101,2019-09-20,23
22101,2019-09-21,22.9
22101,2019-09-22,22.7
22101,2019-09-23,22.6
22101,2019-09-24,22.7
22101,2019-09-25,22.6
22101,2019-09-26,22.4
22101,2019-09-27,22.4
22101,2019-09-28,22.4
22101,2019-09-29,22.5
22101,2019-09-30,22.4
22101,2019-10-01,22.4
22101,2019-10-02,22.3
22101,2019-10-03,22.3
22101,2019-10-04,22.3
22101,2019-10-05,22.2
22101,2019-10-06,22.1
22101,2019-10-07,22.1
22101,2019-10-08,21.9
22101,2019-10-09,21.8
22101,2019-10-10,21.6
22101,2019-10-11,21.5
22101,2019-10-12,21.4
22101,2019-10-13,21.2
22101,2019-10-14,21
22101,2019-10-15,20.7
22101,2019-10-16,20.6
22101,2019-10-17,20.5
22101,2019-10-18,20.4
22101,2019-10-19,20.3
22101,2019-10-20,20.3
22101,2019-10-21,20.2
22101,2019-10-22,20.2
22101,2019-10-23,20.2
22101,2019-10-24,20.1
22101,2019-10-25,20.1
22101,2019-10-26,19.9
22101,2019-10-27,19.6
22101,2019-10-28,19.4
22101,2019-10-29,19.1
22101,2019-10-30,18.9
22101,2019-10-31,18.8
22101,2019-11-01,18.7
22101,2019-11-02,18.6
22101,2019-11-03,18.6
22101,2019-11-04,18.5
22101,2019-11-05,18.4
22101,2019-11-06,18.4
22101,2019-11-07,18.2
22101,2019-11-08,17.9
22101,2019-11-09,17.8
22101,2019-11-10,17.6
22101,2019-11-11,17.3
22101,2019-11-12,17
22101,2019-11-13,16.9
22101,2019-11-14,16.4
22101,2019-11-15,16.1
22101,2019-11-16,16
22101,2019-11-17,15.9
22101,2019-11-18,15.8
22101,2019-11-19,15.5
22101,2019-11-20,15.2
22101,2019-11-21,15
22101,2019-11-22,14.8
22101,2019-11-23,14.8
22101,2019-11-24,14.7
22101,2019-11-25,14.4
22101,2019-11-26,14.2
22101,2019-11-27,13.9
22101,2019-11-28,13.6
22101,2019-11-29,13.3
22101,2019-11-30,13.1
22101,2019-12-01,13.1
22101,2019-12-02,12.9
22101,2019-12-03,12.6
22101,2019-12-04,12.4
22101,2019-12-05,12.2
22101,2019-12-06,11.9
22101,2019-12-07,11.6
22101,2019-12-08,11.5
22101,2019-12-09,11.4
22101,2019-12-10,11.3
22101,2019-12-11,11.2
22101,2019-12-12,10.9
22101,2019-12-13,10.7
22101,2019-12-14,10.5
22101,2019-12-15,10.3
22101,2019-12-16,10.4
22101,2019-12-17,10.4
22101,2019-12-18,10.2
22101,2019-12-19,10
22101,2019-12-20,9.9
22101,2019-12-21,9.8
22101,2019-12-22,9.7
22101,2019-12-23,9.6
22101,2019-12-24,9.5
22101,2019-12-25,9.4
22101,2019-12-26,9.3
22101,2019-12-27,9.1
22101,2019-12-28,8.9
22101,2019-12-29,8.7
22101,2019-12-30,8.6
22101,2019-12-31,8.4
22101,2020-01-01,8.1
22101,2020-01-02,8
22101,2020-01-03,8
22101,2020-01-04,7.9
22101,2020-01-05,7.8
22101,2020-01-06,7.8
22101,2020-01-07,7.8
22101,2020-01-08,7.8
22101,2020-01-09,7.7
22101,2020-01-10,7.5
22101,2020-01-11,7.5
22101,2020-01-12,7.3
22101,2020-01-13,7.1
22101,2020-01-14,6.9
22101,2020-01-15,6.9
22101,2020-01-16,6.8
22101,2020-01-17,6.7
22101,2020-01-18,6.6
22101,2020-01-19,6.6
22101,2020-01-20,6.5
22101,2020-01-21,6.4
22101,2020-01-22,6.4
22101,2020-01-23,6.4
22101,2020-01-24,6.3
22101,2020-01-25,6.3
22101,2020-01-26,6.2
22101,2020-01-27,6.1
22101,2020-01-28,6.1
22101,2020-01-29,6.2
22101,2020-01-30,6.2
22101,2020-01-31,6.2
22101,2020-02-01,6.2
22101,2020-02-02,6.1
22101,2020-02-03,6.1
22101,2020-02-04,6
22101,2020-02-05,5.8
22101,2020-02-06,5.7
22101,2020-02-07,5.6
22101,2020-02-08,5.5
22101,2020-02-09,5.4
22101,2020-02-10,5.4
22101,2020-02-11,5.4
22101,2020-02-12,5.4
22101,2020-02-13,5.5
22101,2020-02-14,5.6
22101,2020-02-15,5.6
22101,2020-02-16,5.5
22101,2020-02-17,5.4
22101,2020-02-18,5.2
22101,2020-02-19,5.1
22101,2020-02-20,5.2
22101,2020-02-21,5.2
22101,2020-02-22,5.2
22101,2020-02-23,5.2
22101,2020-02-24,5.2
22101,2020-02-25,5.2
22101,2020-02-26,5.3
22101,2020-02-27,5.4
22101,2020-02-28,5.4
22101,2020-02-29,5.5
22101,2020-03-01,5.6
22101,2020-03-02,5.6
22101,2020-03-03,5.7
22101,2020-03-04,5.6
22101,2020-03-05,5.6
22101,2020-03-06,5.6
22101,2020-03-07,5.6
22101,2020-03-08,5.7
22101,2020-03-09,5.8
22101,2020-03-10,5.8
22101,2020-03-11,5.8
22101,2020-03-12,5.8
22101,2020-03-13,5.9
22101,2020-03-14,5.9
22101,2020-03-15,6
22101,2020-03-16,6
22101,2020-03-17,6
22101,2020-03-18,6.1
22101,2020-03-19,6.2
22101,2020-03-20,6.3
22101,2020-03-21,6.5
22101,2020-03-22,6.5
22101,2020-03-23,6.7
22101,2020-03-24,6.8
22101,2020-03-25,6.9
22101,2020-03-26,6.9
22101,2020-03-27,7
22101,2020-03-28,7.1
22101,2020-04-15,8.9
22101,2020-04-16,9.1
22101,2020-04-17,8.9
22101,2020-04-18,9.1
22101,2020-04-19,9.1
22101,2020-04-20,9.2
22101,2020-04-21,9.3
22101,2020-04-22,9.4
22101,2020-04-23,9.4
22101,2020-04-24,9.5
22101,2020-04-25,9.7
22101,2020-04-26,9.8
22101,2020-04-27,9.9
22101,2020-04-28,10
22101,2020-04-29,10.2
22101,2020-04-30,10.2
22101,2020-05-01,10.3
22101,2020-05-02,10.5
22101,2020-05-03,10.8
22101,2020-05-04,10.8
22101,2020-05-05,10.9
22101,2020-05-06,10.9
22101,2020-05-07,11.1
22101,2020-05-08,11.2
22101,2020-05-09,11.3
22101,2020-05-10,11.3
22101,2020-05-11,11.5
22101,2020-05-12,11.6
22101,2020-05-13,11.8
22101,2020-05-14,12
22101,2020-05-15,11.9
22101,2020-05-16,12.1
22101,2020-05-17,12.2
22101,2020-05-18,12.1
22101,2020-05-19,12.3
22101,2020-05-20,12.4
22101,2020-05-21,12.5
22101,2020-05-22,12.4
22101,2020-05-23,12.7
22101,2020-05-24,12.8
22101,2020-05-25,13
22101,2020-05-26,13
22101,2020-05-27,13.2
22101,2020-05-28,13.4
22101,2020-05-29,13.7
22101,2020-05-30,13.9
22101,2020-05-31,13.9
22101,2020-06-01,14.1
22101,2020-06-02,14.1
22101,2020-06-03,14.3
22101,2020-06-04,14.4
22101,2020-06-05,14.6
22101,2020-06-06,14.6
22101,2020-06-07,15
22101,2020-06-08,15
22101,2020-06-09,15.1
22101,2020-06-10,15.3
22101,2020-06-11,15.6
22101,2020-06-12,15.5
22101,2020-06-13,16
22101,2020-06-14,16.1
22101,2020-06-15,16.1
22101,2020-06-16,16.4
22101,2020-06-17,16.6
22101,2020-06-18,16.5
22101,2020-06-19,16.7
22101,2020-06-20,17
22101,2020-06-21,17.1
22101,2020-06-22,17.2
22101,2020-06-23,17.4
22101,2020-06-24,17.4
22101,2020-06-25,17.5
22101,2020-06-26,17.6
22101,2020-06-27,17.8
22101,2020-06-28,18
22101,2020-06-29,17.9
22101,2020-06-30,18
22101,2020-07-01,18.1
22101,2020-07-02,18.4
22101,2020-07-03,18.4
22101,2020-07-04,18.5
22101,2020-07-05,18.7
22101,2020-07-06,18.8
22101,2020-07-07,19
22101,2020-07-08,19
22101,2020-07-09,19.1
22101,2020-07-10,19.3
22101,2020-07-11,19.6
22101,2020-07-12,19.4
22101,2020-07-13,19.4
22101,2020-07-14,19.4
22101,2020-07-15,19.7
22101,2020-07-16,19.9
22101,2020-07-17,19.9
22101,2020-07-18,20
22101,2020-07-19,19.9
22101,2020-07-20,20
22101,2020-07-21,20.1
22101,2020-07-22,20.2
22101,2020-07-23,20.2
22101,2020-07-24,20
22101,2020-07-25,20
22101,2020-07-26,20.3
22101,2020-07-27,20.3
22101,2020-07-28,20.3
22101,2020-07-29,20.4
22101,2020-07-30,20.6
22101,2020-07-31,20.6
22101,2020-08-01,20.7
22101,2020-08-02,20.7
22101,2020-08-03,20.8
22101,2020-08-04,21
22101,2020-08-05,21.1
22101,2020-08-06,21.3
22101,2020-08-07,21.5
22101,2020-08-08,21.5
22101,2020-08-09,21.6
22101,2020-08-10,21.8
22101,2020-08-11,22
22101,2020-08-12,22.3
22101,2020-08-13,22.3
22101,2020-08-14,22.4
22101,2020-08-15,22.6
22101,2020-08-16,22.5
22101,2020-08-17,23
22101,2020-08-18,23
22101,2020-08-19,22.9
22101,2020-08-20,23.1
22101,2020-08-21,23.3
22101,2020-08-22,23.3
22101,2020-08-23,23.6
22101,2020-08-24,23.6
22101,2020-08-25,23.9
22101,2020-08-26,24
22101,2020-08-27,24.1
22101,2020-08-28,24.3
22101,2020-08-29,24.6
22101,2020-08-30,24.6
22101,2020-09-01,24.4
22101,2020-09-02,24.4
22101,2020-09-03,24.4
22101,2020-09-04,24.4
22101,2020-09-05,24.3
22101,2020-09-06,24.2
22101,2020-09-07,24
22101,2020-09-08,23.9
22101,2020-09-09,23.8
22101,2020-09-10,23.9
22101,2020-09-11,23.8
22101,2020-09-12,23.7
22101,2020-09-13,23.7
22101,2020-09-14,23.6
22101,2020-09-15,23.7
22101,2020-09-16,23.3
22101,2020-09-17,23.1
22101,2020-09-18,23.1
22101,2020-09-19,23.1
22101,2020-09-20,23
22101,2020-09-21,22.9
22101,2020-09-22,22.7
22101,2020-09-24,22.5
22101,2020-09-25,22.5
22101,2020-09-26,22.3
22101,2020-09-27,22.3
22101,2020-09-28,22.3
22101,2020-09-29,22.2
22101,2020-09-30,22.1
22101,2020-10-01,22
22101,2020-10-02,21.9
22101,2020-10-03,21.8
22101,2020-10-04,21.7
22101,2020-10-05,21.5
22101,2020-10-06,21.2
22101,2020-10-07,20.9
22101,2020-10-08,20.8
22101,2020-10-09,20.7
22101,2020-10-10,20.6
22101,2020-10-11,20.5
22101,2020-10-12,20.5
22101,2020-10-13,20.2
22101,2020-10-14,20
22101,2020-10-15,19.7
22101,2020-10-16,19.5
22101,2020-10-17,19.3
22101,2020-10-20,18.9
22101,2020-10-21,18.8
22101,2020-10-22,18.7
22101,2020-10-23,18.4
22101,2020-10-24,18.1
22101,2020-10-25,17.9
22101,2020-10-26,18
22101,2020-10-27,17.9
22101,2020-10-28,17.7
22101,2020-10-29,17.4
22101,2020-10-30,17.3
22101,2020-10-31,17.2
22101,2020-11-01,17
22101,2020-11-02,17
22101,2020-11-03,16.6
22101,2020-11-04,16.3
22101,2020-11-05,16.1
22101,2020-11-06,16
22101,2020-11-07,16
22101,2020-11-08,15.9
22101,2020-11-09,15.7
22101,2020-11-10,15.6
22101,2020-11-11,15.5
22101,2020-11-12,15.4
22101,2020-11-13,15.3
22101,2020-11-14,15.3
22101,2020-11-15,15.2
22101,2020-11-16,15.2
22101,2020-11-17,15.1
22101,2020-11-18,15.1
22101,2020-11-19,15.1
22101,2020-11-20,14.9
22101,2020-11-21,14.6
22101,2020-11-22,14.4
22101,2020-11-23,14.2
22101,2020-11-24,14
22101,2020-11-25,13.9
22101,2020-11-28,13.3
22101,2020-11-29,13
22101,2020-11-30,12.7
22101,2020-12-01,12.4
22101,2020-12-03,12
22101,2020-12-04,11.7
22101,2020-12-05,11.6
22101,2020-12-06,11.5
22101,2020-12-07,11.4
22101,2020-12-08,11.2
22101,2020-12-09,11.1
22101,2020-12-10,11
22101,2020-12-11,10.9
22101,2020-12-12,10.9
22101,2020-12-13,10.7
22101,2020-12-14,10.2
22101,2020-12-15,9.7
22101,2020-12-17,8.9
22101,2020-12-18,8.7
22101,2020-12-19,8.5
22101,2020-12-20,8.3
22101,2020-12-21,8.2
22101,2020-12-22,8.2
22101,2020-12-23,8.1
22101,2020-12-24,8.1
22101,2020-12-25,8.1
22101,2020-12-26,8
22101,2020-12-27,8
22101,2020-12-28,8
22101,2020-12-29,7.9
22101,2020-12-30,7.6
22101,2020-12-31,7
22101,2021-01-01,6.6
22101,2021-01-02,6.4
22101,2021-01-03,6.3
22101,2021-01-04,6.1
22101,2021-01-05,6
22101,2021-01-06,5.8
22101,2021-01-08,5
22101,2021-01-11,4.4
22101,2021-01-12,4.3
22101,2021-01-13,4.3
22101,2021-01-14,4.3
22101,2021-01-15,4.3
22101,2021-01-22,3.8
22101,2021-01-23,3.9
22101,2021-01-24,3.9
22101,2021-01-25,4
22101,2021-01-26,4
22101,2021-01-27,4
22101,2021-01-28,4
22101,2021-01-29,3.7
22101,2021-01-30,3.5
22101,2021-02-01,3.5
22101,2021-02-02,3.5
22101,2021-02-03,3.4
22101,2021-02-04,3.3
22101,2021-02-05,3.4
22101,2021-02-06,3.4
22101,2021-02-07,3.5
22101,2021-02-08,3.4
22101,2021-02-09,3.4
22101,2021-02-10,3.4
22101,2021-02-11,3.4
22101,2021-02-12,3.5
22101,2021-02-13,3.5
22101,2021-02-14,3.5
22101,2021-02-15,3.5
22101,2021-02-16,3.5
22101,2021-02-17,3.2
22101,2021-02-18,2.9
22101,2021-02-19,2.8
22101,2021-02-20,3
22101,2021-02-21,3
22101,2021-02-22,3.1
22101,2021-02-23,3.1
22101,2021-02-24,3.1
22101,2021-02-25,3.1
22101,2021-02-26,3.2
22101,2021-02-27,3.3
22101,2021-02-28,3.3
22101,2021-03-01,3.4
22101,2021-03-02,3.4
22101,2021-03-03,3.5
22101,2021-03-04,3.6
22101,2021-03-05,3.7
22101,2021-03-06,3.8
22101,2021-03-07,3.9
22101,2021-03-08,4
22101,2021-03-09,4.1
22101,2021-03-10,4.3
22101,2021-03-11,4.3
22101,2021-03-12,4.3
22101,2021-03-13,4.4
22101,2021-03-14,4.5
22101,2021-03-15,4.6
22101,2021-03-16,4.6
22101,2021-03-17,4.7
22101,2021-03-18,4.9
22101,2021-03-19,5
22101,2021-03-20,5
22101,2021-03-21,5.1
22101,2021-03-22,5.3
22101,2021-03-23,5.4
22101,2021-03-25,5.5
22101,2021-03-26,5.7
22101,2021-03-27,5.7
22101,2021-03-28,5.8
22101,2021-03-29,5.9
22101,2021-03-30,6
22101,2021-03-31,6.2
22101,2021-04-01,6.3
22101,2021-04-02,6.3
22101,2021-04-03,6.5
22101,2021-04-04,6.6
22101,2021-04-05,7.1
22101,2021-04-06,7
22101,2021-04-07,7.1
22101,2021-04-08,7.2
22101,2021-04-09,7.4
22101,2021-04-10,7.4
22101,2021-04-11,7.6
22101,2021-04-12,7.6
22101,2021-04-13,7.8
22101,2021-04-14,7.9
22101,2021-04-15,8.2
22101,2021-04-16,8.2
22101,2021-04-17,8.2
22101,2021-04-18,8.4
22101,2021-04-19,8.6
22101,2021-04-20,8.8
22101,2021-04-21,9.3
22101,2021-04-22,8.9
22101,2021-04-23,8.9
22101,2021-04-24,9
22101,2021-04-25,9.3
22101,2021-04-26,9.4
22101,2021-04-27,9.4
22101,2021-04-28,9.6
22101,2021-04-29,9.7
22101,2021-04-30,9.8
22101,2021-05-01,9.7
22101,2021-05-02,9.9
22101,2021-05-03,10.1
22101,2021-05-04,10.1
22101,2021-05-05,10.4
22101,2021-05-06,10.3
22101,2021-05-07,10.5
22101,2021-05-08,10.7
22101,2021-05-09,10.9
22101,2021-05-10,10.9
22101,2021-05-11,10.9
22101,2021-05-12,11.1
22101,2021-05-13,11.3
22101,2021-05-14,11.5
22101,2021-05-15,11.6
22101,2021-05-16,11.6
22101,2021-05-17,11.7
22101,2021-05-18,11.9
22101,2021-05-19,12.4
22101,2021-05-20,12.1
22101,2021-05-21,12.2
22101,2021-05-22,12.5
22101,2021-05-23,12.6
22101,2021-05-24,12.6
22101,2021-05-25,12.9
22101,2021-05-26,12.9
22101,2021-05-27,12.9
22101,2021-05-28,13.1
22101,2021-05-29,13.2
22101,2021-05-30,13.4
22101,2021-06-01,13.5
22101,2021-06-02,13.9
22101,2021-06-03,13.7
22101,2021-06-04,14
22101,2021-06-06,14.3
22101,2021-06-07,14.4
22101,2021-06-08,14.6
22101,2021-06-09,14.8
22101,2021-06-10,14.7
22101,2021-06-11,14.9
22101,2021-06-12,15.1
22101,2021-06-13,15.3
22101,2021-06-15,15.5
22101,2021-06-16,15.7
22101,2021-06-17,15.8
22101,2021-06-18,15.9
22101,2021-06-19,16.1
22101,2021-06-20,16.2
22101,2021-06-21,16.4
22101,2021-06-22,16.6
22101,2021-06-23,16.8
22101,2021-06-24,17
22101,2021-06-25,17
22101,2021-06-26,17.1
22101,2021-06-27,17.6
22101,2021-06-28,17.6
22101,2021-06-29,17.7
22101,2021-06-30,17.8
22101,2021-07-01,18.1
22101,2021-07-02,18.2
22101,2021-07-03,18.2
22101,2021-07-04,18.3
22101,2021-07-05,18.5
22101,2021-07-06,18.7
22101,2021-07-07,18.6
22101,2021-07-08,18.8
22101,2021-07-09,18.8
22101,2021-07-10,18.9
22101,2021-07-11,19.1
22101,2021-07-12,19.3
22101,2021-07-13,19.3
22101,2021-07-14,19.5
22101,2021-07-15,19.7
22101,2021-07-16,19.9
22101,2021-07-17,20.4
22101,2021-07-18,21
22101,2021-07-19,20.8
22101,2021-07-20,21.3
22101,2021-07-21,21.1
22101,2021-07-22,21.3
22101,2021-07-23,21.4
22101,2021-07-24,21.4
22101,2021-07-25,21.6
22101,2021-07-26,21.9
22101,2021-07-27,22.2
22101,2021-07-28,22.3
22101,2021-07-29,22.4
22101,2021-07-30,22.5
22101,2021-07-31,22.8
22101,2021-08-01,22.8
22101,2021-08-02,22.8
22101,2021-08-03,23.5
22101,2021-08-04,23.2
22101,2021-08-05,23.5
22101,2021-08-06,23.3
22101,2021-08-07,23.5
22101,2021-08-08,23.5
22101,2021-08-09,23.7
22101,2021-08-10,23.9
22101,2021-08-11,24
22101,2021-08-12,24
22101,2021-08-13,24
22101,2021-08-14,24
22101,2021-08-15,24.1
22101,2021-08-16,24.2
22101,2021-08-17,24.3
22101,2021-08-18,24.3
22101,2021-08-19,24.3
22101,2021-08-20,24.3
22101,2021-08-21,24.2
22101,2021-08-22,24.2
22101,2021-08-23,24.1
22101,2021-08-24,24
22101,2021-08-25,24.1
22101,2021-08-26,24.1
22101,2021-08-27,23.9
22101,2021-08-28,24
22101,2021-08-29,24
22101,2021-08-30,24.1
22101,2021-08-31,24
22101,2021-09-01,23.9
22101,2021-09-02,23.8
22101,2021-09-03,23.9
22101,2021-09-04,23.9
22101,2021-09-05,23.8
22101,2021-09-06,23.7
22101,2021-09-07,23.5
22101,2021-09-08,23.5
22101,2021-09-09,23.5
22101,2021-09-10,23.6
22101,2021-09-11,23.7
22101,2021-09-12,23.7
22101,2021-09-13,23.8
22101,2021-09-14,23.8
22101,2021-09-15,23.8
22101,2021-09-16,23.7
22101,2021-09-17,23.7
22101,2021-09-18,23.8
22101,2021-09-19,23.8
22101,2021-09-20,23.8
22101,2021-09-21,23.8
22101,2021-09-22,23.7
22101,2021-09-23,23.6
22101,2021-09-24,23.6
22101,2021-09-25,23.5
22101,2021-09-26,23.4
22101,2021-09-27,23.4
22101,2021-09-28,23.3
22101,2021-09-29,23.3
22101,2021-09-30,23.3
22101,2021-10-01,23.3
22101,2021-10-02,23.4
22101,2021-10-03,23.3
22101,2021-10-04,23.2
22101,2021-10-05,23.2
22101,2021-10-06,23.2
22101,2021-10-07,23.2
22101,2021-10-08,23.1
22101,2021-10-09,23.1
22101,2021-10-10,23
22101,2021-10-11,22.8
22101,2021-10-12,22.6
22101,2021-10-13,22.5
22101,2021-10-14,22.4
22101,2021-10-15,22.4
22101,2021-10-16,22.1
22101,2021-10-17,21.5
22101,2021-10-18,21
22101,2021-10-19,20.6
22101,2021-10-20,20.4
22101,2021-10-21,20.2
22101,2021-10-22,20
22101,2021-10-23,19.8
22101,2021-10-24,19.7
22101,2021-10-25,19.6
22101,2021-10-26,19.5
22101,2021-10-27,19.4
22101,2021-10-28,19.3
22101,2021-10-29,19.2
22101,2021-10-30,19.1
22101,2021-10-31,19.1
22101,2021-11-01,19
22101,2021-11-02,18.9
22101,2021-11-03,18.8
22101,2021-11-04,18.7
22101,2021-11-05,18.6
22101,2021-11-06,18.5
22101,2021-11-07,18.4
22101,2021-11-08,18.2
22101,2021-11-09,17.7
22101,2021-11-10,17.2
22101,2021-11-11,16.7
22101,2021-11-12,16.5
22101,2021-11-13,16.2
22101,2021-11-14,16.2
22101,2021-11-15,16.1
22101,2021-11-16,16
22101,2021-11-17,15.9
22101,2021-11-18,15.7
22101,2021-11-19,15.7
22101,2021-11-20,15.6
22101,2021-11-21,15.6
22101,2021-11-22,15.3
22101,2021-11-23,15
22101,2021-11-24,14.6
22101,2021-11-25,14.2
22101,2021-11-26,14.1
22101,2021-11-27,13.9
22101,2021-11-28,13.8
22101,2021-11-29,13.6
22101,2021-11-30,13.7
22101,2021-12-10,11.5
22101,2021-12-11,11.5
22101,2021-12-12,11.3
22101,2021-12-13,11.1
22101,2021-12-14,11
22101,2021-12-15,10.9
22101,2021-12-16,10.8
22101,2021-12-17,10.4
22101,2021-12-18,10.1
22101,2021-12-19,9.5
22101,2021-12-20,9.3
22101,2021-12-21,9.3
22101,2021-12-22,9.1
22101,2021-12-23,9.1
22101,2021-12-24,9
22101,2021-12-25,8.6
22101,2021-12-26,8.2
22101,2021-12-27,7.9
22101,2021-12-28,7.7
22101,2021-12-29,7.6
22101,2021-12-30,7.3
22101,2021-12-31,7
22101,2022-01-01,6.8
22101,2022-01-02,6.6
22101,2022-01-03,6.4
22101,2022-01-04,6.3
22101,2022-01-05,6.1
22101,2022-01-06,6
22101,2022-01-07,6
22101,2022-01-08,6
22101,2022-01-09,5.9
22101,2022-01-10,5.9
22101,2022-01-11,5.7
22101,2022-01-12,5.5
22101,2022-01-13,5.3
22101,2022-01-14,5.1
22101,2022-01-15,5
22101,2022-01-16,4.8
22101,2022-01-17,4.5
22101,2022-01-18,4.3
22101,2022-01-19,4.2
22101,2022-01-20,4
22101,2022-01-21,3.9
22101,2022-01-22,3.9
22101,2022-01-23,3.9
22101,2022-01-24,3.9
22101,2022-01-25,4
22101,2022-01-26,4
22101,2022-01-27,4
22101,2022-01-28,3.9
22101,2022-01-29,3.8
22101,2022-01-30,3.7
22101,2022-01-31,3.6
22101,2022-02-01,3.4
22101,2022-02-02,3.3
22101,2022-02-03,3.2
22101,2022-02-04,3.2
22101,2022-02-05,3.1
22101,2022-02-06,3
22101,2022-02-07,3
22101,2022-02-08,3.1
22101,2022-02-09,3.4
22101,2022-02-10,3.5
22101,2022-02-11,3.6
22101,2022-02-12,3.5
22101,2022-02-13,3.5
22101,2022-02-14,3.5
22101,2022-02-15,3.5
22101,2022-02-16,3.3
22101,2022-02-17,3
22101,2022-02-18,3
22101,2022-02-19,2.9
22101,2022-02-20,2.8
22101,2022-02-21,2.8
22101,2022-02-22,2.8
22101,2022-02-23,2.7
22101,2022-02-24,2.7
22101,2022-02-25,2.8
22101,2022-02-26,2.8
22101,2022-02-27,2.8
22101,2022-02-28,2.9
22101,2022-03-01,3
22101,2022-03-02,3.1
22101,2022-03-03,3.2
22101,2022-03-04,3.3
22101,2022-03-05,3.3
22101,2022-03-06,3.4
22101,2022-03-07,3.5
22101,2022-03-08,3.6
22101,2022-03-09,3.7
22101,2022-03-10,3.7
22101,2022-03-11,3.9
22101,2022-03-12,3.9
22101,2022-03-13,4.1
22101,2022-03-14,4
22101,2022-03-15,4.1
22101,2022-03-16,4.1
22101,2022-03-17,4.2
22101,2022-03-18,4.3
22101,2022-03-19,4.4
22101,2022-03-20,4.5
22101,2022-03-21,4.5
22101,2022-03-22,4.6
22101,2022-03-23,4.7
22101,2022-03-24,4.8
22101,2022-03-25,4.9
22101,2022-03-26,5
22101,2022-03-27,5.1
22101,2022-03-28,5.2
22101,2022-03-29,5.4
22101,2022-03-30,5.4
22101,2022-03-31,5.5
22101,2022-04-01,5.6
22101,2022-04-02,5.8
22101,2022-04-03,5.9
22101,2022-04-04,6
22101,2022-04-05,6.1
22101,2022-04-06,6.3
22101,2022-04-07,6.4
22101,2022-04-08,6.6
22101,2022-04-09,6.7
22101,2022-04-10,7.1
22101,2022-04-11,7.4
22101,2022-04-12,7.2
22101,2022-04-13,7.3
22101,2022-04-14,7.4
22101,2022-04-15,7.6
22101,2022-04-16,7.7
22101,2022-04-17,7.9
22101,2022-04-18,8
22101,2022-04-19,8.2
22101,2022-04-20,8.3
22101,2022-04-21,8.5
22101,2022-04-22,8.6
22101,2022-04-23,8.7
22101,2022-04-24,8.9
22101,2022-04-25,9
22101,2022-04-26,9.1
22101,2022-04-27,9.3
22101,2022-04-28,9.5
22101,2022-04-29,9.5
22101,2022-04-30,9.7
22101,2022-05-01,9.8
22101,2022-05-02,10
22101,2022-05-03,10.1
22101,2022-05-04,10.3
22101,2022-05-05,10.4
22101,2022-05-06,10.6
22101,2022-05-07,10.8
22101,2022-05-08,10.9
22101,2022-05-09,11.1
22101,2022-05-10,11.4
22101,2022-05-11,11.5
22101,2022-05-12,11.5
22101,2022-05-13,11.6
22101,2022-05-14,11.8
22101,2022-05-15,12
22101,2022-05-16,12.1
22101,2022-05-17,12.2
22101,2022-05-18,12.4
22101,2022-05-19,12.4
22101,2022-05-20,12.5
22101,2022-05-21,12.7
22101,2022-05-22,12.8
22101,2022-05-23,13
22101,2022-05-24,13.3
22101,2022-05-25,13.2
22101,2022-05-26,13.3
22101,2022-05-27,13.6
22101,2022-05-28,13.7
22101,2022-05-29,13.9
22101,2022-05-30,13.9
22101,2022-05-31,14.1
22101,2022-06-01,14.3
22101,2022-06-02,14.5
22101,2022-06-03,14.7
22101,2022-06-04,14.7
22101,2022-06-05,14.8
22101,2022-06-06,15
22101,2022-06-07,15.1
22101,2022-06-08,15.3
22101,2022-06-09,15.6
22101,2022-06-10,15.5
22101,2022-06-11,15.6
22101,2022-06-12,15.9
22101,2022-06-13,16.1
22101,2022-06-14,16.1
22101,2022-06-15,16.1
22101,2022-06-16,16.3
22101,2022-06-17,16.4
22101,2022-06-18,16.4
22101,2022-06-19,16.5
22101,2022-06-20,16.8
22101,2022-06-21,17
22101,2022-06-22,17
22101,2022-06-23,17
22101,2022-06-24,17.2
22101,2022-06-25,17.4
22101,2022-06-26,17.6
22101,2022-06-27,17.7
22101,2022-06-28,17.9
22101,2022-06-29,18.1
22101,2022-06-30,18.3
22101,2022-07-01,18.6
22101,2022-07-02,18.9
22101,2022-07-03,18.9
22101,2022-07-04,19.1
22101,2022-07-05,19.4
22101,2022-07-06,19.7
22101,2022-07-07,19.8
22101,2022-07-08,20.2
22101,2022-07-09,20.7
22101,2022-07-10,20.9
22101,2022-07-11,20.9
22101,2022-07-12,20.9
22101,2022-07-13,20.8
22101,2022-07-14,21
22101,2022-07-15,21.3
22101,2022-07-16,21.5
22101,2022-07-17,21.7
22101,2022-07-18,21.8
22101,2022-07-19,22
22101,2022-07-20,22.3
22101,2022-07-21,22.3
22101,2022-07-22,22.8
22101,2022-07-23,22.7
22101,2022-07-24,22.9
22101,2022-07-25,23.1
22101,2022-07-26,23.5
22101,2022-07-27,23.5
22101,2022-07-28,23.5
22101,2022-07-29,23.5
22101,2022-07-30,23.7
22101,2022-07-31,23.6
22101,2022-08-01,23.8
22101,2022-08-02,23.8
22101,2022-08-03,24
22101,2022-08-04,24.1
22101,2022-08-05,24.3
22101,2022-08-06,24.5
22101,2022-08-07,24.6
22101,2022-08-08,24.6
22101,2022-08-09,24.7
22101,2022-08-10,24.7
22101,2022-08-11,24.8
22101,2022-08-12,24.8
22101,2022-08-13,24.8
22101,2022-08-14,24.9
22101,2022-08-15,24.9
22101,2022-08-16,25
22101,2022-08-17,25.1
22101,2022-08-18,25.2
22101,2022-08-19,25.2
22101,2022-08-20,25.5
22101,2022-08-21,26
22101,2022-08-22,25.8
22101,2022-08-23,25.5
22101,2022-08-24,25.4
22101,2022-08-25,25.2
22101,2022-08-26,25.3
22101,2022-08-27,25.1
22101,2022-08-28,25
22101,2022-08-29,24.9
22101,2022-08-30,24.7
22101,2022-08-31,24.6
22101,2022-09-01,24.6
22101,2022-09-02,24.6
22101,2022-09-03,24.6
22101,2022-09-04,24.5
22101,2022-09-05,24.3
22101,2022-09-06,24.1
22101,2022-09-07,24.1
22101,2022-09-08,23.9
22101,2022-09-09,23.6
22101,2022-09-10,23.3
22101,2022-09-11,23.2
22101,2022-09-12,23.2
22101,2022-09-13,23.1
22101,2022-09-14,22.9
22101,2022-09-15,22.8
22101,2022-09-16,22.7
22101,2022-09-17,22.9
22101,2022-09-18,22.9
22101,2022-09-19,22.9
22101,2022-09-20,22.6
22101,2022-09-21,22.2
22101,2022-09-22,21.7
22101,2022-09-23,21.5
22101,2022-09-24,21.3
22101,2022-09-25,21.1
22101,2022-09-26,21.3
22101,2022-09-27,21.1
22101,2022-09-28,20.9
22101,2022-09-29,20.8
22101,2022-09-30,20.8
22101,2022-10-01,20.8
22101,2022-10-02,20.7
22101,2022-10-03,20.8
22101,2022-10-04,20.7
22101,2022-10-05,20.5
22101,2022-10-06,20.4
22101,2022-10-07,20.1
22101,2022-10-08,20
22101,2022-10-09,19.6
22101,2022-10-10,19.3
22101,2022-10-11,18.7
22101,2022-10-12,18.5
22101,2022-10-13,18.3
22101,2022-10-14,18.3
22101,2022-10-15,18.3
22101,2022-10-16,18.3
22101,2022-10-17,18.2
22101,2022-10-18,17.9
22101,2022-10-19,17.9
22101,2022-10-20,17.7
22101,2022-10-21,17.4
22101,2022-10-22,17.3
22101,2022-10-23,17
22101,2022-10-24,16.9
22101,2022-10-25,16.6
22101,2022-10-26,16.4
22101,2022-10-27,16.4
22101,2022-10-28,16.3
22101,2022-10-29,16.2
22101,2022-10-30,16.1
22101,2022-10-31,16.2
22101,2022-11-01,16.1
22101,2022-11-02,16
22101,2022-11-03,15.9
22101,2022-11-04,15.7
22101,2022-11-05,15.4
22101,2022-11-06,15.3
22101,2022-11-07,15.2
22101,2022-11-08,15.1
22101,2022-11-09,15
22101,2022-11-10,15
22101,2022-11-11,15
22101,2022-11-12,14.9
22101,2022-11-13,14.8
22101,2022-11-14,14.7
22101,2022-11-15,14.6
22101,2022-11-16,14.6
22101,2022-11-17,14.5
22101,2022-11-18,14.5
22101,2022-11-19,14.4
22101,2022-11-20,14.4
22101,2022-11-21,14.4
22101,2022-11-22,14.3
22101,2022-11-23,14.2
22101,2022-11-24,14.1
22101,2022-11-25,14
22101,2022-11-26,13.9
22101,2022-11-27,13.6
22101,2022-11-28,13.6
22101,2022-11-29,13.4
22101,2022-11-30,13
22101,2022-12-01,12.5
22101,2022-12-02,12.3
22101,2022-12-03,12.1
22101,2022-12-04,11.7
22101,2022-12-05,11.4
22101,2022-12-06,11.2
22101,2022-12-07,10.9
22101,2022-12-08,10.6
22101,2022-12-09,10.5
22101,2022-12-10,10.4
22101,2022-12-11,10.2
22101,2022-12-12,10.2
22101,2022-12-13,10
22101,2022-12-14,9.5
22101,2022-12-15,9.2
22101,2022-12-16,8.9
22101,2022-12-17,8.6
22101,2022-12-18,8.4
22101,2022-12-19,8.2
22101,2022-12-21,8.1
22101,2022-12-22,7.8
22101,2022-12-23,7.2
22101,2022-12-24,6.5
22101,2022-12-25,6.2
22101,2022-12-26,6.1
22101,2022-12-27,6.1
22101,2022-12-28,6.1
22101,2022-12-29,6
22101,2022-12-30,6
22101,2022-12-31,6
22101,2023-01-01,6
22101,2023-01-02,5.8
22101,2023-01-03,5.7
22101,2023-01-04,5.7
22101,2023-01-05,5.6
22101,2023-01-06,5.6
22101,2023-01-07,5.5
22101,2023-01-08,5.5
22101,2023-01-09,5.4
22101,2023-01-10,5.3
22101,2023-01-11,5.3
22101,2023-01-12,5.3
22101,2023-01-13,5.4
22101,2023-01-14,5.4
22101,2023-01-15,5.4
22101,2023-01-16,5.2
22101,2023-01-17,5.1
22101,2023-01-18,5
22101,2023-01-19,5
22101,2023-01-20,4.9
22101,2023-01-21,4.7
22101,2023-01-22,4.6
22101,2023-01-23,4.6
22101,2023-01-24,4.2
22101,2023-01-25,3.9
22101,2023-01-26,3.7
22101,2023-01-27,3.5
22101,2023-01-28,3.3
22101,2023-01-29,3.3
22101,2023-01-30,3.3
22101,2023-01-31,3.2
22101,2023-02-01,3.2
22101,2023-02-02,3.2
22101,2023-02-03,3.2
22101,2023-02-04,3.1
22101,2023-02-05,3.2
22101,2023-02-06,3.2
22101,2023-02-07,3.2
22101,2023-02-08,3.2
22101,2023-02-09,3.2
22101,2023-02-10,3.3
22101,2023-02-11,3.3
22101,2023-02-12,3.4
22101,2023-02-13,3.4
22101,2023-02-14,3.4
22101,2023-02-15,3.4
22101,2023-02-16,3.4
22101,2023-02-17,3.4
22101,2023-02-18,3.5
22101,2023-02-19,3.5
22101,2023-02-20,3.5
22101,2023-02-21,3.4
22101,2023-02-22,3.4
22101,2023-02-23,3.4
22101,2023-02-24,3.5
22101,2023-02-25,3.5
22101,2023-02-26,3.5
22101,2023-02-27,3.7
22101,2023-02-28,3.6
22101,2023-03-01,3.7
22101,2023-03-02,3.7
22101,2023-03-03,3.7
22101,2023-03-04,3.9
22101,2023-03-05,3.9
22101,2023-03-06,4
22101,2023-03-07,4.1
22101,2023-03-08,4.2
22101,2023-03-09,4.3
22101,2023-03-10,4.4
22101,2023-03-11,4.5
22101,2023-03-12,4.6
22101,2023-03-13,4.6
22101,2023-03-14,4.7
22101,2023-03-15,4.7
22101,2023-03-16,4.8
22101,2023-03-17,4.9
22101,2023-03-18,4.9
22101,2023-03-19,5
22101,2023-03-20,5.1
22101,2023-03-21,5.2
22101,2023-03-22,5.3
22101,2023-03-23,5.4
22101,2023-03-24,5.5
22101,2023-03-25,5.6
22101,2023-03-26,5.7
22101,2023-03-27,5.8
22101,2023-03-28,5.9
22101,2023-03-29,6
22101,2023-03-30,6.9
22101,2023-03-31,6.5
22101,2023-04-01,6.6
22101,2023-04-02,6.4
22101,2023-04-03,6.6
22101,2023-04-04,6.7
22101,2023-04-05,6.8
22101,2023-04-06,6.9
22101,2023-04-07,7
22101,2023-04-08,7.1
22101,2023-04-09,7.3
22101,2023-04-10,7.3
22101,2023-04-11,7.4
22101,2023-04-12,7.6
22101,2023-04-13,7.7
22101,2023-04-14,7.8
22101,2023-04-15,7.8
22101,2023-04-16,8
22101,2023-04-20,8.4
22101,2023-04-21,8.5
22101,2023-04-22,8.7
22101,2023-04-23,8.8
22101,2023-04-24,8.9
22101,2023-04-25,8.9
22101,2023-04-26,9
22101,2023-04-27,9.3
22101,2023-04-28,9.3
22101,2023-04-29,9.3
22101,2023-04-30,9.4
22101,2023-05-01,9.5
22101,2023-05-02,9.7
22101,2023-05-03,10
22101,2023-05-04,10
22101,2023-05-05,10.1
22101,2023-05-06,10.3
22101,2023-05-07,10.4
22101,2023-05-08,10.5
22101,2023-05-09,10.5
22101,2023-05-10,10.6
22101,2023-05-11,10.9
22101,2023-05-12,11
22101,2023-05-13,11.2
22101,2023-05-14,11.4
22101,2023-05-15,11.5
22101,2023-05-16,11.6
22101,2023-05-17,11.9
22101,2023-05-18,12.1
22101,2023-05-19,12.3
22101,2023-05-20,12.4
22101,2023-05-21,12.6
22101,2023-05-22,12.8
22101,2023-05-23,13
22101,2023-05-24,13
22101,2023-05-25,13.2
22101,2023-05-26,13.4
22101,2023-05-27,13.4
22101,2023-05-28,13.5
22101,2023-05-29,13.8
22101,2023-05-30,13.8
22101,2023-05-31,14
22101,2023-06-01,14
22101,2023-06-02,14.2
22101,2023-06-03,14.3
22101,2023-06-04,14.5
22101,2023-06-05,14.7
22101,2023-06-06,14.9
22101,2023-06-07,14.9
22101,2023-06-08,15
22101,2023-06-09,15.2
22101,2023-06-10,15.3
22101,2023-06-11,15.5
22101,2023-06-12,15.6
22101,2023-06-13,15.9
22101,2023-06-14,15.9
22101,2023-06-15,16.1
22101,2023-06-16,16.5
22101,2023-06-17,16.5
22101,2023-06-18,16.6
22101,2023-06-19,16.8
22101,2023-06-20,16.8
22101,2023-06-21,17
22101,2023-06-22,17.1
22101,2023-06-23,17.3
22101,2023-06-24,17.5
22101,2023-06-25,17.8
22101,2023-06-26,17.7
22101,2023-06-27,17.9
22101,2023-06-28,18.1
22101,2023-06-29,18.1
22101,2023-06-30,18.5
22101,2023-07-01,18.5
22101,2023-07-02,18.7
22101,2023-07-03,18.6
22101,2023-07-04,18.8
22101,2023-07-05,19.1
22101,2023-07-06,19.2
22101,2023-07-07,19.3
22101,2023-07-08,19.5
22101,2023-07-09,19.6
22101,2023-07-10,19.8
22101,2023-07-11,19.9
22101,2023-07-12,20.2
22101,2023-07-13,20.1
22101,2023-07-14,20.2
22101,2023-07-15,20.3
22101,2023-07-16,20.4
22101,2023-07-17,20.6
22101,2023-07-18,20.7
22101,2023-07-19,21.1
22101,2023-07-20,21.4
22101,2023-07-21,21.5
22101,2023-07-22,21.4
22101,2023-07-23,21.6
22101,2023-07-24,21.8
22101,2023-07-25,21.8
22101,2023-07-26,22.2
22101,2023-07-27,22.4
22101,2023-07-28,22.9
22101,2023-07-29,23.4
22101,2023-07-30,23.4
22101,2023-07-31,23.6
22101,2023-08-01,23.6
22101,2023-08-02,23.4
22101,2023-08-03,23.6
22101,2023-08-09,24.5
22101,2023-08-10,24.4
22101,2023-08-11,24.5
22101,2023-08-12,24.6
22101,2023-08-13,24.6
22101,2023-08-14,24.5
22101,2023-08-15,24.5
22101,2023-08-16,24.6
22101,2023-08-17,24.6
22101,2023-08-18,24.6
22101,2023-08-19,24.8
22101,2023-08-20,24.7
22101,2023-08-21,24.6
22101,2023-08-22,24.6
22101,2023-08-23,24.7
22101,2023-08-24,24.6
22101,2023-08-25,24.7
22101,2023-08-26,25
22101,2023-08-27,24.8
22101,2023-08-28,24.5
22101,2023-08-29,24.3
22101,2023-08-30,24.2
22101,2023-08-31,24.1
22101,2023-09-01,23.9
22101,2023-09-02,23.9
22101,2023-09-03,23.9
22101,2023-09-04,23.8
22101,2023-09-05,23.9
22101,2023-09-06,24
22101,2023-09-07,24.1
22101,2023-09-08,24.2
22101,2023-09-09,24.5
22101,2023-09-10,24.5
22101,2023-09-11,24.4
22101,2023-09-12,24.4
22101,2023-09-13,24
22101,2023-09-14,23.8
22101,2023-09-15,23.7
22101,2023-09-16,23.6
22101,2023-09-17,23.7
22101,2023-09-18,23.8
22101,2023-09-19,23.7
22101,2023-09-20,23.6
22101,2023-09-21,23.3
22101,2023-09-22,23.3
22101,2023-09-23,23.3
22101,2023-09-24,23.2
22101,2023-09-25,23.1
22101,2023-09-26,22.9
22101,2023-09-27,22.8
22101,2023-09-28,22.9
22101,2023-09-29,22.7
22101,2023-09-30,22.6
22101,2023-10-01,22.4
22101,2023-10-02,22.2
22101,2023-10-03,22.1
22101,2023-10-04,22.1
22101,2023-10-05,21.7
22101,2023-10-06,21.5
22101,2023-10-07,21.3
22101,2023-10-08,21.2
22101,2023-10-09,21.2
22101,2023-10-10,21
22101,2023-10-11,21
22101,2023-10-12,20.9
22101,2023-10-13,20.8
22101,2023-10-14,20.7
22101,2023-10-15,20.6
22101,2023-10-16,20.4
22101,2023-10-17,20.2
22101,2023-10-18,20.1
22101,2023-10-19,19.9
22101,2023-10-20,19.7
22101,2023-10-21,19.4
22101,2023-10-22,19.2
22101,2023-10-23,19.1
22101,2023-10-24,19
22101,2023-10-25,19
22101,2023-10-26,19
22101,2023-10-27,18.9
22101,2023-10-28,18.8
22101,2023-10-29,18.6
22101,2023-10-30,18.6
22101,2023-10-31,18.6
22101,2023-11-01,18.5
22101,2023-11-02,18.5
22101,2023-11-03,18.5
22101,2023-11-04,18.5
22101,2023-11-05,18.4
22101,2023-11-06,18.4
22101,2023-11-07,18
22101,2023-11-08,17.8
22101,2023-11-09,17.6
22101,2023-11-10,17.2
22101,2023-11-11,16.8
22101,2023-11-12,16.3
22101,2023-11-13,15.9
22101,2023-11-14,15.5
22101,2023-11-15,15.4
22101,2023-11-16,15.2
22101,2023-11-22,13.7
22101,2023-11-23,13.7
22101,2023-11-24,13.4
22101,2023-11-25,13.1
22101,2023-11-26,12.8
22101,2023-11-27,12.6
22101,2023-11-28,12.3
22101,2023-11-29,12
22101,2023-11-30,11.6
