Unnamed: 0,filename,label,x,y,x_bin
26,01frame_12636.txt,3,0.725,0.547222,36
27,01frame_12648.txt,3,0.716016,0.539583,36
28,01frame_12654.txt,3,0.717969,0.538194,36
94,01frame_13914.txt,3,0.724609,0.545139,36
95,01frame_13920.txt,3,0.716406,0.531944,36
148,01frame_14664.txt,3,0.714844,0.502083,36
149,01frame_14670.txt,3,0.722656,0.497917,36
2839,231212_0900_Cam2_C2 (148).txt,3,0.731379,0.190325,36
2842,231212_0900_Cam2_C2 (150).txt,3,0.728089,0.189908,36
2843,231212_0900_Cam2_C2 (151).txt,3,0.719807,0.190154,36
2855,231212_0900_Cam2_C2 (162).txt,3,0.714453,0.1875,36
3041,231212_0900_Cam2_C2 (330).txt,3,0.719922,0.185417,36
3049,231212_0900_Cam2_C2 (338).txt,3,0.721094,0.192361,36
3076,231212_0900_Cam2_C2 (364).txt,3,0.716797,0.205556,36
3209,231212_0900_Cam2_C2 (479).txt,3,0.728516,0.105556,36
3244,231212_0900_Cam2_C2 (511).txt,3,0.723828,0.064583,36
3385,231212_0900_Cam2_C2 (648).txt,3,0.725519,0.541457,36
3389,231212_0900_Cam2_C2 (651).txt,3,0.723744,0.540271,36
3431,231212_0900_Cam2_C2 (69).txt,3,0.730859,0.286806,36
3447,231212_0900_Cam2_C2 (707).txt,3,0.725394,0.532612,36
3478,231212_0900_Cam2_C2 (75).txt,3,0.726674,0.279335,36
3839,231213_0900_Cam3_C2 (1290).txt,3,0.731502,0.941539,36
3880,231213_0900_Cam3_C2 (1327).txt,3,0.73062,0.649999,36
4005,231213_0900_Cam3_C2 (1444).txt,3,0.730074,0.483939,36
4006,231213_0900_Cam3_C2 (1445).txt,3,0.722282,0.484257,36
4007,231213_0900_Cam3_C2 (1446).txt,3,0.715018,0.484261,36
4045,231213_0900_Cam3_C2 (1480).txt,3,0.720912,0.478116,36
4550,231213_0900_Cam3_C2 (1952).txt,3,0.731843,0.925595,36
4648,231213_0900_Cam3_C2 (2052).txt,3,0.718476,0.202952,36
4666,231213_0900_Cam3_C2 (2070).txt,3,0.714453,0.199306,36
4667,231213_0900_Cam3_C2 (2071).txt,3,0.723828,0.197917,36
4695,231213_0900_Cam3_C2 (2107).txt,3,0.727344,0.219444,36
4696,231213_0900_Cam3_C2 (2108).txt,3,0.718359,0.204861,36
4724,231213_0900_Cam3_C2 (2133).txt,3,0.724609,0.183333,36
4762,231213_0900_Cam3_C2 (217).txt,3,0.714423,0.516008,36
4873,231213_0900_Cam3_C2 (241).txt,3,0.720196,0.518858,36
5384,231213_0900_Cam3_C2 (744).txt,3,0.730553,0.483494,36
5504,231213_0900_Cam3_C2 (856).txt,3,0.717372,0.190198,36
5528,231213_0900_Cam3_C2 (887).txt,3,0.728125,0.210417,36
5576,231213_0900_Cam3_C2 (931).txt,3,0.727445,0.173673,36
5744,231213_0900_Cam5_C2 (1080).txt,3,0.714051,0.860484,36
5848,231213_0900_Cam5_C2 (1174).txt,3,0.719634,0.628093,36
5849,231213_0900_Cam5_C2 (1175).txt,3,0.72052,0.609048,36
5852,231213_0900_Cam5_C2 (1178).txt,3,0.733217,0.574209,36
5853,231213_0900_Cam5_C2 (1179).txt,3,0.729444,0.569191,36
5869,231213_0900_Cam5_C2 (1193).txt,3,0.718502,0.48701,36
5949,231213_0900_Cam5_C2 (1272).txt,3,0.720441,0.532919,36
5950,231213_0900_Cam5_C2 (1273).txt,3,0.729466,0.548347,36
6282,231213_0900_Cam5_C2 (1576).txt,3,0.730859,0.889583,36
6284,231213_0900_Cam5_C2 (1578).txt,3,0.722486,0.835584,36
6285,231213_0900_Cam5_C2 (1579).txt,3,0.724744,0.802565,36
6302,231213_0900_Cam5_C2 (1597).txt,3,0.714683,0.889728,36
6333,231213_0900_Cam5_C2 (1626).txt,3,0.72236,0.857014,36
6334,231213_0900_Cam5_C2 (1627).txt,3,0.732577,0.84954,36
6335,231213_0900_Cam5_C2 (1628).txt,3,0.728725,0.84273,36
7318,231213_0900_Cam5_C2 (2495).txt,3,0.726561,0.503776,36
7320,231213_0900_Cam5_C2 (2497).txt,3,0.725326,0.472807,36
7321,231213_0900_Cam5_C2 (2498).txt,3,0.730096,0.451496,36
7322,231213_0900_Cam5_C2 (2499).txt,3,0.730247,0.403833,36
7490,231213_0900_Cam5_C2 (267).txt,3,0.723437,0.545833,36
7491,231213_0900_Cam5_C2 (268).txt,3,0.715625,0.509028,36
7492,231213_0900_Cam5_C2 (269).txt,3,0.720313,0.463194,36
7516,231213_0900_Cam5_C2 (290).txt,3,0.721245,0.530813,36
7519,231213_0900_Cam5_C2 (293).txt,3,0.726447,0.476503,36
7520,231213_0900_Cam5_C2 (294).txt,3,0.723233,0.414482,36
7654,231213_0900_Cam5_C2 (403).txt,3,0.733203,0.933333,36
7665,231213_0900_Cam5_C2 (413).txt,3,0.714453,0.905556,36
7667,231213_0900_Cam5_C2 (415).txt,3,0.726562,0.846528,36
7738,231213_0900_Cam5_C2 (480).txt,3,0.721063,0.894513,36
7754,231213_0900_Cam5_C2 (496).txt,3,0.719531,0.854167,36
12256,231221_1600_Cam3_C2 (535).txt,3,0.726172,0.223611,36
12257,231221_1600_Cam3_C2 (536).txt,3,0.717969,0.221528,36
12273,231221_1600_Cam3_C2 (550).txt,3,0.720313,0.236806,36
12274,231221_1600_Cam3_C2 (551).txt,3,0.728516,0.239583,36
12323,231221_1600_Cam3_C2 (600).txt,3,0.720703,0.25,36
12358,231221_1600_Cam3_C2 (632).txt,3,0.726953,0.184028,36
12359,231221_1600_Cam3_C2 (633).txt,3,0.722656,0.177083,36
12360,231221_1600_Cam3_C2 (634).txt,3,0.720313,0.163194,36
12362,231221_1600_Cam3_C2 (636).txt,3,0.725,0.170139,36
12363,231221_1600_Cam3_C2 (637).txt,3,0.730469,0.183333,36
12364,231221_1600_Cam3_C2 (638).txt,3,0.732812,0.186806,36
12365,231221_1600_Cam3_C2 (639).txt,3,0.729297,0.186111,36
12403,231221_1600_Cam3_C2 (673).txt,3,0.715234,0.183333,36
12404,231221_1600_Cam3_C2 (674).txt,3,0.727734,0.184722,36
12405,231221_1600_Cam3_C2 (675).txt,3,0.727734,0.179861,36
12459,231221_1600_Cam3_C2 (714).txt,3,0.714844,0.1875,36
12460,231221_1600_Cam3_C2 (715).txt,3,0.727344,0.1875,36
12461,231221_1600_Cam3_C2 (716).txt,3,0.729688,0.186806,36
12503,231221_1600_Cam3_C2 (745).txt,3,0.715625,0.205556,36
12505,231221_1600_Cam3_C2 (746).txt,3,0.719141,0.195833,36
12507,231221_1600_Cam3_C2 (747).txt,3,0.725,0.180556,36
12509,231221_1600_Cam3_C2 (748).txt,3,0.726172,0.186111,36
12511,231221_1600_Cam3_C2 (749).txt,3,0.732812,0.180556,36
12603,231221_1600_Cam3_C2 (793).txt,3,0.728125,0.186806,36
12605,231221_1600_Cam3_C2 (794).txt,3,0.723047,0.188889,36
12607,231221_1600_Cam3_C2 (795).txt,3,0.716016,0.189583,36
12689,231221_1600_Cam3_C2 (833).txt,3,0.725391,0.186806,36
12691,231221_1600_Cam3_C2 (834).txt,3,0.733203,0.186806,36
12693,231221_1600_Cam3_C2 (835).txt,3,0.724609,0.188889,36
12695,231221_1600_Cam3_C2 (836).txt,3,0.721875,0.178472,36
12759,231221_1600_Cam3_C2 (892).txt,3,0.728125,0.622917,36
12766,231221_1600_Cam3_C2 (899).txt,3,0.716797,0.619444,36
12840,231221_1600_Cam3_C2 (970).txt,3,0.724219,0.509722,36
12853,231221_1600_Cam3_C2 (982).txt,3,0.732812,0.505556,36
15519,231231_1600_Cam1_C2 (1443).txt,3,0.71875,0.527083,36
15520,231231_1600_Cam1_C2 (1444).txt,3,0.727734,0.530556,36
15523,231231_1600_Cam1_C2 (1445).txt,3,0.724219,0.547222,36
15527,231231_1600_Cam1_C2 (1446).txt,3,0.726953,0.502083,36
15531,231231_1600_Cam1_C2 (1447).txt,3,0.729297,0.550694,36
15534,231231_1600_Cam1_C2 (1448).txt,3,0.723047,0.547917,36
15537,231231_1600_Cam1_C2 (1449).txt,3,0.725781,0.54375,36
15543,231231_1600_Cam1_C2 (1450).txt,3,0.725,0.544444,36
15550,231231_1600_Cam1_C2 (1451).txt,3,0.726172,0.542361,36
15554,231231_1600_Cam1_C2 (1452).txt,3,0.724219,0.542361,36
15556,231231_1600_Cam1_C2 (1453).txt,3,0.726953,0.544444,36
15562,231231_1600_Cam1_C2 (1454).txt,3,0.726562,0.540972,36
15564,231231_1600_Cam1_C2 (1455).txt,3,0.725781,0.527778,36
15569,231231_1600_Cam1_C2 (1456).txt,3,0.725781,0.5375,36
15575,231231_1600_Cam1_C2 (1457).txt,3,0.726562,0.5375,36
15583,231231_1600_Cam1_C2 (1458).txt,3,0.723828,0.547917,36
15587,231231_1600_Cam1_C2 (1459).txt,3,0.726953,0.545139,36
15600,231231_1600_Cam1_C2 (1461).txt,3,0.726562,0.533333,36
15605,231231_1600_Cam1_C2 (1462).txt,3,0.725391,0.533333,36
15611,231231_1600_Cam1_C2 (1463).txt,3,0.726953,0.533333,36
15616,231231_1600_Cam1_C2 (1464).txt,3,0.726953,0.541667,36
15622,231231_1600_Cam1_C2 (1465).txt,3,0.727344,0.539583,36
15628,231231_1600_Cam1_C2 (1466).txt,3,0.728125,0.543056,36
15636,231231_1600_Cam1_C2 (1467).txt,3,0.726953,0.531944,36
15643,231231_1600_Cam1_C2 (1468).txt,3,0.727344,0.509028,36
15647,231231_1600_Cam1_C2 (1469).txt,3,0.726953,0.527083,36
15655,231231_1600_Cam1_C2 (1470).txt,3,0.726172,0.534722,36
15658,231231_1600_Cam1_C2 (1471).txt,3,0.726172,0.536111,36
15662,231231_1600_Cam1_C2 (1472).txt,3,0.726562,0.532639,36
15673,231231_1600_Cam1_C2 (1474).txt,3,0.728906,0.531944,36
15678,231231_1600_Cam1_C2 (1475).txt,3,0.726562,0.524306,36
15685,231231_1600_Cam1_C2 (1476).txt,3,0.723047,0.544444,36
15691,231231_1600_Cam1_C2 (1477).txt,3,0.725391,0.5375,36
15697,231231_1600_Cam1_C2 (1478).txt,3,0.727734,0.543056,36
15703,231231_1600_Cam1_C2 (1479).txt,3,0.726562,0.540972,36
15711,231231_1600_Cam1_C2 (1480).txt,3,0.726172,0.551389,36
15717,231231_1600_Cam1_C2 (1481).txt,3,0.727734,0.529167,36
15722,231231_1600_Cam1_C2 (1482).txt,3,0.728516,0.532639,36
15727,231231_1600_Cam1_C2 (1483).txt,3,0.726172,0.543056,36
15732,231231_1600_Cam1_C2 (1484).txt,3,0.728125,0.517361,36
15737,231231_1600_Cam1_C2 (1485).txt,3,0.726562,0.534722,36
15741,231231_1600_Cam1_C2 (1486).txt,3,0.725391,0.534722,36
15746,231231_1600_Cam1_C2 (1487).txt,3,0.725,0.5125,36
15753,231231_1600_Cam1_C2 (1488).txt,3,0.724219,0.536111,36
15759,231231_1600_Cam1_C2 (1489).txt,3,0.723047,0.540278,36
15765,231231_1600_Cam1_C2 (1490).txt,3,0.724219,0.536806,36
15770,231231_1600_Cam1_C2 (1491).txt,3,0.724219,0.526389,36
15775,231231_1600_Cam1_C2 (1492).txt,3,0.725781,0.547222,36
15781,231231_1600_Cam1_C2 (1493).txt,3,0.726172,0.544444,36
15785,231231_1600_Cam1_C2 (1494).txt,3,0.726953,0.548611,36
15790,231231_1600_Cam1_C2 (1495).txt,3,0.727344,0.545139,36
15794,231231_1600_Cam1_C2 (1496).txt,3,0.725,0.545833,36
15800,231231_1600_Cam1_C2 (1497).txt,3,0.724219,0.545833,36
15805,231231_1600_Cam1_C2 (1498).txt,3,0.723828,0.548611,36
15809,231231_1600_Cam1_C2 (1499).txt,3,0.722266,0.543056,36
15818,231231_1600_Cam1_C2 (1500).txt,3,0.721484,0.548611,36
15823,231231_1600_Cam1_C2 (1501).txt,3,0.722266,0.538889,36
15828,231231_1600_Cam1_C2 (1502).txt,3,0.720703,0.541667,36
15834,231231_1600_Cam1_C2 (1503).txt,3,0.724219,0.534028,36
15838,231231_1600_Cam1_C2 (1504).txt,3,0.725781,0.534028,36
15843,231231_1600_Cam1_C2 (1505).txt,3,0.723437,0.536806,36
15848,231231_1600_Cam1_C2 (1506).txt,3,0.724609,0.538194,36
15854,231231_1600_Cam1_C2 (1507).txt,3,0.725781,0.534028,36
15860,231231_1600_Cam1_C2 (1508).txt,3,0.726172,0.534028,36
15866,231231_1600_Cam1_C2 (1509).txt,3,0.726172,0.531944,36
15873,231231_1600_Cam1_C2 (1510).txt,3,0.726172,0.534028,36
15879,231231_1600_Cam1_C2 (1511).txt,3,0.725,0.534028,36
15884,231231_1600_Cam1_C2 (1512).txt,3,0.725781,0.533333,36
15889,231231_1600_Cam1_C2 (1513).txt,3,0.725781,0.533333,36
15893,231231_1600_Cam1_C2 (1514).txt,3,0.726172,0.531944,36
15898,231231_1600_Cam1_C2 (1515).txt,3,0.725781,0.532639,36
15903,231231_1600_Cam1_C2 (1516).txt,3,0.725391,0.532639,36
15907,231231_1600_Cam1_C2 (1517).txt,3,0.726953,0.534722,36
15913,231231_1600_Cam1_C2 (1518).txt,3,0.726172,0.535417,36
15919,231231_1600_Cam1_C2 (1519).txt,3,0.725781,0.533333,36
15927,231231_1600_Cam1_C2 (1520).txt,3,0.725391,0.535417,36
15933,231231_1600_Cam1_C2 (1521).txt,3,0.725,0.534722,36
15938,231231_1600_Cam1_C2 (1522).txt,3,0.722656,0.536111,36
15944,231231_1600_Cam1_C2 (1523).txt,3,0.726953,0.536111,36
15950,231231_1600_Cam1_C2 (1524).txt,3,0.722656,0.531944,36
15956,231231_1600_Cam1_C2 (1525).txt,3,0.722656,0.534028,36
15960,231231_1600_Cam1_C2 (1526).txt,3,0.724219,0.531944,36
15966,231231_1600_Cam1_C2 (1527).txt,3,0.726172,0.534028,36
15974,231231_1600_Cam1_C2 (1528).txt,3,0.724219,0.534028,36
15980,231231_1600_Cam1_C2 (1529).txt,3,0.723828,0.534028,36
15989,231231_1600_Cam1_C2 (1530).txt,3,0.725781,0.539583,36
15993,231231_1600_Cam1_C2 (1531).txt,3,0.725,0.536806,36
16000,231231_1600_Cam1_C2 (1532).txt,3,0.726172,0.5375,36
16005,231231_1600_Cam1_C2 (1533).txt,3,0.725781,0.540278,36
16010,231231_1600_Cam1_C2 (1534).txt,3,0.726172,0.540972,36
16016,231231_1600_Cam1_C2 (1535).txt,3,0.727734,0.538889,36
16020,231231_1600_Cam1_C2 (1536).txt,3,0.726562,0.533333,36
16025,231231_1600_Cam1_C2 (1537).txt,3,0.726562,0.545833,36
16030,231231_1600_Cam1_C2 (1538).txt,3,0.727344,0.534722,36
16035,231231_1600_Cam1_C2 (1539).txt,3,0.725781,0.535417,36
16043,231231_1600_Cam1_C2 (1540).txt,3,0.728516,0.531944,36
16047,231231_1600_Cam1_C2 (1541).txt,3,0.727734,0.532639,36
16051,231231_1600_Cam1_C2 (1542).txt,3,0.726172,0.534722,36
16056,231231_1600_Cam1_C2 (1543).txt,3,0.728125,0.531944,36
16061,231231_1600_Cam1_C2 (1544).txt,3,0.727344,0.531944,36
16065,231231_1600_Cam1_C2 (1545).txt,3,0.726953,0.532639,36
16071,231231_1600_Cam1_C2 (1546).txt,3,0.727734,0.534722,36
16077,231231_1600_Cam1_C2 (1547).txt,3,0.728125,0.533333,36
16085,231231_1600_Cam1_C2 (1548).txt,3,0.727344,0.531944,36
16092,231231_1600_Cam1_C2 (1549).txt,3,0.727734,0.533333,36
16099,231231_1600_Cam1_C2 (1550).txt,3,0.727344,0.538194,36
16105,231231_1600_Cam1_C2 (1551).txt,3,0.725391,0.536806,36
16109,231231_1600_Cam1_C2 (1552).txt,3,0.724219,0.535417,36
16117,231231_1600_Cam1_C2 (1553).txt,3,0.724609,0.533333,36
16122,231231_1600_Cam1_C2 (1554).txt,3,0.725781,0.533333,36
16128,231231_1600_Cam1_C2 (1555).txt,3,0.726172,0.53125,36
16135,231231_1600_Cam1_C2 (1556).txt,3,0.725391,0.530556,36
16138,231231_1600_Cam1_C2 (1557).txt,3,0.721094,0.535417,36
16145,231231_1600_Cam1_C2 (1558).txt,3,0.721484,0.544444,36
16150,231231_1600_Cam1_C2 (1559).txt,3,0.727344,0.5375,36
16157,231231_1600_Cam1_C2 (1560).txt,3,0.728125,0.534722,36
16163,231231_1600_Cam1_C2 (1561).txt,3,0.725,0.548611,36
16169,231231_1600_Cam1_C2 (1562).txt,3,0.723828,0.547917,36
16176,231231_1600_Cam1_C2 (1563).txt,3,0.725391,0.545833,36
16181,231231_1600_Cam1_C2 (1564).txt,3,0.730078,0.543056,36
16194,231231_1600_Cam1_C2 (1566).txt,3,0.721094,0.543056,36
16200,231231_1600_Cam1_C2 (1567).txt,3,0.721875,0.53125,36
16205,231231_1600_Cam1_C2 (1568).txt,3,0.725,0.547222,36
16210,231231_1600_Cam1_C2 (1569).txt,3,0.726953,0.545139,36
16218,231231_1600_Cam1_C2 (1570).txt,3,0.725781,0.522917,36
16224,231231_1600_Cam1_C2 (1571).txt,3,0.726562,0.545833,36
16231,231231_1600_Cam1_C2 (1572).txt,3,0.726172,0.545139,36
16237,231231_1600_Cam1_C2 (1573).txt,3,0.723047,0.528472,36
16242,231231_1600_Cam1_C2 (1574).txt,3,0.727344,0.530556,36
16249,231231_1600_Cam1_C2 (1575).txt,3,0.726172,0.504861,36
16255,231231_1600_Cam1_C2 (1576).txt,3,0.726953,0.502778,36
16261,231231_1600_Cam1_C2 (1577).txt,3,0.726953,0.531944,36
16266,231231_1600_Cam1_C2 (1578).txt,3,0.726172,0.53125,36
16272,231231_1600_Cam1_C2 (1579).txt,3,0.725781,0.503472,36
16280,231231_1600_Cam1_C2 (1580).txt,3,0.725391,0.534028,36
16286,231231_1600_Cam1_C2 (1581).txt,3,0.725391,0.528472,36
16292,231231_1600_Cam1_C2 (1582).txt,3,0.728125,0.507639,36
16299,231231_1600_Cam1_C2 (1583).txt,3,0.728906,0.514583,36
16304,231231_1600_Cam1_C2 (1584).txt,3,0.728125,0.540278,36
16311,231231_1600_Cam1_C2 (1585).txt,3,0.728125,0.541667,36
16317,231231_1600_Cam1_C2 (1586).txt,3,0.728125,0.542361,36
16324,231231_1600_Cam1_C2 (1587).txt,3,0.728906,0.549306,36
16331,231231_1600_Cam1_C2 (1588).txt,3,0.728516,0.549306,36
16336,231231_1600_Cam1_C2 (1589).txt,3,0.727344,0.531944,36
16345,231231_1600_Cam1_C2 (1590).txt,3,0.726172,0.545139,36
16352,231231_1600_Cam1_C2 (1591).txt,3,0.726562,0.523611,36
16358,231231_1600_Cam1_C2 (1592).txt,3,0.726172,0.534722,36
16362,231231_1600_Cam1_C2 (1593).txt,3,0.725,0.544444,36
16368,231231_1600_Cam1_C2 (1594).txt,3,0.728516,0.549306,36
16373,231231_1600_Cam1_C2 (1595).txt,3,0.725391,0.553472,36
16380,231231_1600_Cam1_C2 (1596).txt,3,0.721875,0.523611,36
16386,231231_1600_Cam1_C2 (1597).txt,3,0.723047,0.534028,36
16392,231231_1600_Cam1_C2 (1598).txt,3,0.725,0.543056,36
16397,231231_1600_Cam1_C2 (1599).txt,3,0.724609,0.521528,36
16406,231231_1600_Cam1_C2 (1600).txt,3,0.725391,0.527083,36
16411,231231_1600_Cam1_C2 (1601).txt,3,0.724609,0.534028,36
16416,231231_1600_Cam1_C2 (1602).txt,3,0.726953,0.528472,36
16421,231231_1600_Cam1_C2 (1603).txt,3,0.726172,0.526389,36
16425,231231_1600_Cam1_C2 (1604).txt,3,0.728125,0.5375,36
16429,231231_1600_Cam1_C2 (1605).txt,3,0.726562,0.542361,36
16433,231231_1600_Cam1_C2 (1606).txt,3,0.726562,0.530556,36
16437,231231_1600_Cam1_C2 (1607).txt,3,0.726562,0.538889,36
16440,231231_1600_Cam1_C2 (1608).txt,3,0.723828,0.532639,36
16443,231231_1600_Cam1_C2 (1609).txt,3,0.724609,0.531944,36
16447,231231_1600_Cam1_C2 (1610).txt,3,0.725,0.532639,36
16450,231231_1600_Cam1_C2 (1611).txt,3,0.725391,0.533333,36
16454,231231_1600_Cam1_C2 (1612).txt,3,0.725,0.534028,36
16457,231231_1600_Cam1_C2 (1613).txt,3,0.725391,0.533333,36
16460,231231_1600_Cam1_C2 (1614).txt,3,0.725391,0.534722,36
16462,231231_1600_Cam1_C2 (1615).txt,3,0.727344,0.532639,36
16464,231231_1600_Cam1_C2 (1616).txt,3,0.727734,0.534028,36
16467,231231_1600_Cam1_C2 (1617).txt,3,0.726953,0.534722,36
16470,231231_1600_Cam1_C2 (1618).txt,3,0.725391,0.533333,36
16473,231231_1600_Cam1_C2 (1619).txt,3,0.725781,0.533333,36
16479,231231_1600_Cam1_C2 (1620).txt,3,0.726172,0.530556,36
16481,231231_1600_Cam1_C2 (1621).txt,3,0.724609,0.534028,36
16484,231231_1600_Cam1_C2 (1622).txt,3,0.724609,0.534028,36
16487,231231_1600_Cam1_C2 (1623).txt,3,0.725,0.529167,36
16489,231231_1600_Cam1_C2 (1624).txt,3,0.723047,0.530556,36
16494,231231_1600_Cam1_C2 (1625).txt,3,0.725781,0.5375,36
16498,231231_1600_Cam1_C2 (1626).txt,3,0.722266,0.533333,36
16502,231231_1600_Cam1_C2 (1627).txt,3,0.723047,0.53125,36
16505,231231_1600_Cam1_C2 (1628).txt,3,0.725,0.531944,36
16507,231231_1600_Cam1_C2 (1629).txt,3,0.723828,0.534722,36
16513,231231_1600_Cam1_C2 (1630).txt,3,0.725781,0.531944,36
16515,231231_1600_Cam1_C2 (1631).txt,3,0.725391,0.532639,36
16518,231231_1600_Cam1_C2 (1632).txt,3,0.725,0.533333,36
16521,231231_1600_Cam1_C2 (1633).txt,3,0.725391,0.53125,36
16524,231231_1600_Cam1_C2 (1634).txt,3,0.723828,0.529861,36
16531,231231_1600_Cam1_C2 (1636).txt,3,0.726172,0.53125,36
16534,231231_1600_Cam1_C2 (1637).txt,3,0.725391,0.531944,36
16537,231231_1600_Cam1_C2 (1638).txt,3,0.726562,0.532639,36
16542,231231_1600_Cam1_C2 (1639).txt,3,0.726953,0.534722,36
16548,231231_1600_Cam1_C2 (1640).txt,3,0.725391,0.534028,36
16552,231231_1600_Cam1_C2 (1641).txt,3,0.727734,0.533333,36
16556,231231_1600_Cam1_C2 (1642).txt,3,0.726953,0.531944,36
16560,231231_1600_Cam1_C2 (1643).txt,3,0.726953,0.532639,36
16565,231231_1600_Cam1_C2 (1644).txt,3,0.727734,0.533333,36
16569,231231_1600_Cam1_C2 (1645).txt,3,0.728125,0.531944,36
16573,231231_1600_Cam1_C2 (1647).txt,3,0.725,0.534722,36
16577,231231_1600_Cam1_C2 (1648).txt,3,0.725,0.536111,36
16579,231231_1600_Cam1_C2 (1649).txt,3,0.723828,0.5375,36
16585,231231_1600_Cam1_C2 (1650).txt,3,0.725,0.536111,36
16589,231231_1600_Cam1_C2 (1651).txt,3,0.723828,0.534028,36
16595,231231_1600_Cam1_C2 (1652).txt,3,0.727344,0.524306,36
16597,231231_1600_Cam1_C2 (1653).txt,3,0.723047,0.530556,36
16605,231231_1600_Cam1_C2 (1654).txt,3,0.723828,0.53125,36
16608,231231_1600_Cam1_C2 (1655).txt,3,0.724219,0.531944,36
16614,231231_1600_Cam1_C2 (1656).txt,3,0.726953,0.532639,36
16619,231231_1600_Cam1_C2 (1657).txt,3,0.725781,0.538194,36
16626,231231_1600_Cam1_C2 (1659).txt,3,0.724219,0.534028,36
16632,231231_1600_Cam1_C2 (1660).txt,3,0.721875,0.532639,36
16638,231231_1600_Cam1_C2 (1661).txt,3,0.726172,0.545833,36
16642,231231_1600_Cam1_C2 (1662).txt,3,0.726172,0.545833,36
16646,231231_1600_Cam1_C2 (1663).txt,3,0.727344,0.545139,36
16650,231231_1600_Cam1_C2 (1664).txt,3,0.727344,0.546528,36
16654,231231_1600_Cam1_C2 (1665).txt,3,0.726953,0.551389,36
16661,231231_1600_Cam1_C2 (1666).txt,3,0.725781,0.532639,36
16666,231231_1600_Cam1_C2 (1667).txt,3,0.725781,0.547222,36
16669,231231_1600_Cam1_C2 (1668).txt,3,0.726172,0.54375,36
16675,231231_1600_Cam1_C2 (1669).txt,3,0.728125,0.543056,36
16682,231231_1600_Cam1_C2 (1670).txt,3,0.729297,0.543056,36
16686,231231_1600_Cam1_C2 (1671).txt,3,0.728906,0.54375,36
16692,231231_1600_Cam1_C2 (1672).txt,3,0.728125,0.541667,36
16696,231231_1600_Cam1_C2 (1673).txt,3,0.728516,0.54375,36
16701,231231_1600_Cam1_C2 (1674).txt,3,0.727734,0.543056,36
16706,231231_1600_Cam1_C2 (1675).txt,3,0.728516,0.539583,36
16712,231231_1600_Cam1_C2 (1676).txt,3,0.727734,0.534722,36
16717,231231_1600_Cam1_C2 (1677).txt,3,0.727734,0.534722,36
16723,231231_1600_Cam1_C2 (1678).txt,3,0.728516,0.530556,36
16727,231231_1600_Cam1_C2 (1679).txt,3,0.728125,0.530556,36
16736,231231_1600_Cam1_C2 (1680).txt,3,0.725391,0.533333,36
16740,231231_1600_Cam1_C2 (1681).txt,3,0.727344,0.528472,36
16745,231231_1600_Cam1_C2 (1682).txt,3,0.726562,0.518056,36
16748,231231_1600_Cam1_C2 (1683).txt,3,0.726562,0.543056,36
16753,231231_1600_Cam1_C2 (1684).txt,3,0.726953,0.542361,36
16758,231231_1600_Cam1_C2 (1685).txt,3,0.727344,0.54375,36
16763,231231_1600_Cam1_C2 (1686).txt,3,0.727734,0.54375,36
16769,231231_1600_Cam1_C2 (1687).txt,3,0.726953,0.545139,36
16773,231231_1600_Cam1_C2 (1688).txt,3,0.726562,0.536111,36
16778,231231_1600_Cam1_C2 (1689).txt,3,0.727344,0.538194,36
16785,231231_1600_Cam1_C2 (1690).txt,3,0.726953,0.529861,36
16791,231231_1600_Cam1_C2 (1691).txt,3,0.726562,0.53125,36
16795,231231_1600_Cam1_C2 (1692).txt,3,0.726562,0.529167,36
16799,231231_1600_Cam1_C2 (1693).txt,3,0.726562,0.529861,36
16803,231231_1600_Cam1_C2 (1694).txt,3,0.725,0.527083,36
16808,231231_1600_Cam1_C2 (1695).txt,3,0.725,0.530556,36
16812,231231_1600_Cam1_C2 (1696).txt,3,0.725391,0.527778,36
16817,231231_1600_Cam1_C2 (1697).txt,3,0.727344,0.526389,36
16819,231231_1600_Cam1_C2 (1698).txt,3,0.725391,0.529861,36
16824,231231_1600_Cam1_C2 (1699).txt,3,0.726953,0.53125,36
16832,231231_1600_Cam1_C2 (1700).txt,3,0.726562,0.529861,36
16835,231231_1600_Cam1_C2 (1701).txt,3,0.725781,0.527083,36
16838,231231_1600_Cam1_C2 (1702).txt,3,0.728125,0.527083,36
16841,231231_1600_Cam1_C2 (1703).txt,3,0.727734,0.527083,36
16845,231231_1600_Cam1_C2 (1704).txt,3,0.725391,0.521528,36
16850,231231_1600_Cam1_C2 (1705).txt,3,0.725391,0.529861,36
16854,231231_1600_Cam1_C2 (1706).txt,3,0.725,0.5375,36
16857,231231_1600_Cam1_C2 (1707).txt,3,0.723437,0.543056,36
16861,231231_1600_Cam1_C2 (1708).txt,3,0.723828,0.529861,36
16864,231231_1600_Cam1_C2 (1709).txt,3,0.726953,0.530556,36
16874,231231_1600_Cam1_C2 (1711).txt,3,0.724609,0.531944,36
16881,231231_1600_Cam1_C2 (1712).txt,3,0.726172,0.527778,36
16884,231231_1600_Cam1_C2 (1713).txt,3,0.726562,0.527778,36
16889,231231_1600_Cam1_C2 (1714).txt,3,0.727734,0.527778,36
16891,231231_1600_Cam1_C2 (1715).txt,3,0.724609,0.5375,36
16897,231231_1600_Cam1_C2 (1716).txt,3,0.724219,0.525694,36
16903,231231_1600_Cam1_C2 (1717).txt,3,0.724219,0.531944,36
16907,231231_1600_Cam1_C2 (1718).txt,3,0.725391,0.536111,36
16912,231231_1600_Cam1_C2 (1719).txt,3,0.726562,0.527083,36
16918,231231_1600_Cam1_C2 (1720).txt,3,0.726172,0.538194,36
16924,231231_1600_Cam1_C2 (1721).txt,3,0.726562,0.538194,36
16927,231231_1600_Cam1_C2 (1722).txt,3,0.726172,0.543056,36
16930,231231_1600_Cam1_C2 (1723).txt,3,0.725391,0.54375,36
16934,231231_1600_Cam1_C2 (1724).txt,3,0.726172,0.543056,36
16939,231231_1600_Cam1_C2 (1725).txt,3,0.726172,0.534028,36
16944,231231_1600_Cam1_C2 (1726).txt,3,0.726172,0.534028,36
16946,231231_1600_Cam1_C2 (1727).txt,3,0.727344,0.534028,36
16952,231231_1600_Cam1_C2 (1728).txt,3,0.726562,0.534722,36
16956,231231_1600_Cam1_C2 (1729).txt,3,0.726562,0.536806,36
16963,231231_1600_Cam1_C2 (1730).txt,3,0.726562,0.5375,36
16965,231231_1600_Cam1_C2 (1731).txt,3,0.726172,0.545833,36
16969,231231_1600_Cam1_C2 (1732).txt,3,0.725781,0.535417,36
16975,231231_1600_Cam1_C2 (1733).txt,3,0.725391,0.529167,36
16978,231231_1600_Cam1_C2 (1734).txt,3,0.728516,0.53125,36
16982,231231_1600_Cam1_C2 (1735).txt,3,0.725781,0.516667,36
16985,231231_1600_Cam1_C2 (1736).txt,3,0.725391,0.534028,36
16990,231231_1600_Cam1_C2 (1737).txt,3,0.726172,0.522222,36
16994,231231_1600_Cam1_C2 (1738).txt,3,0.725,0.524306,36
16997,231231_1600_Cam1_C2 (1739).txt,3,0.725781,0.533333,36
17004,231231_1600_Cam1_C2 (1740).txt,3,0.722266,0.528472,36
17008,231231_1600_Cam1_C2 (1741).txt,3,0.719531,0.533333,36
17013,231231_1600_Cam1_C2 (1742).txt,3,0.723437,0.529167,36
17019,231231_1600_Cam1_C2 (1743).txt,3,0.725,0.529167,36
17025,231231_1600_Cam1_C2 (1744).txt,3,0.725,0.53125,36
17029,231231_1600_Cam1_C2 (1745).txt,3,0.726172,0.532639,36
17034,231231_1600_Cam1_C2 (1746).txt,3,0.725781,0.53125,36
17040,231231_1600_Cam1_C2 (1747).txt,3,0.726172,0.531944,36
17044,231231_1600_Cam1_C2 (1748).txt,3,0.725391,0.529861,36
17049,231231_1600_Cam1_C2 (1749).txt,3,0.724219,0.53125,36
17054,231231_1600_Cam1_C2 (1750).txt,3,0.725391,0.535417,36
17059,231231_1600_Cam1_C2 (1751).txt,3,0.724609,0.533333,36
17064,231231_1600_Cam1_C2 (1752).txt,3,0.725781,0.525694,36
17069,231231_1600_Cam1_C2 (1753).txt,3,0.725,0.529861,36
17074,231231_1600_Cam1_C2 (1754).txt,3,0.726172,0.535417,36
17078,231231_1600_Cam1_C2 (1755).txt,3,0.726172,0.532639,36
17082,231231_1600_Cam1_C2 (1756).txt,3,0.727734,0.525,36
17084,231231_1600_Cam1_C2 (1757).txt,3,0.728516,0.532639,36
17089,231231_1600_Cam1_C2 (1758).txt,3,0.727344,0.534028,36
17096,231231_1600_Cam1_C2 (1759).txt,3,0.728516,0.538194,36
17101,231231_1600_Cam1_C2 (1760).txt,3,0.728516,0.536111,36
17108,231231_1600_Cam1_C2 (1761).txt,3,0.726953,0.534028,36
17112,231231_1600_Cam1_C2 (1762).txt,3,0.725391,0.530556,36
17117,231231_1600_Cam1_C2 (1763).txt,3,0.728516,0.529861,36
17125,231231_1600_Cam1_C2 (1764).txt,3,0.728125,0.533333,36
17129,231231_1600_Cam1_C2 (1765).txt,3,0.728516,0.529861,36
17133,231231_1600_Cam1_C2 (1766).txt,3,0.728516,0.53125,36
17137,231231_1600_Cam1_C2 (1767).txt,3,0.729297,0.529861,36
17143,231231_1600_Cam1_C2 (1768).txt,3,0.729297,0.53125,36
17150,231231_1600_Cam1_C2 (1769).txt,3,0.728906,0.531944,36
17157,231231_1600_Cam1_C2 (1770).txt,3,0.728906,0.532639,36
17162,231231_1600_Cam1_C2 (1771).txt,3,0.728906,0.532639,36
17166,231231_1600_Cam1_C2 (1772).txt,3,0.728125,0.534028,36
17170,231231_1600_Cam1_C2 (1773).txt,3,0.728516,0.532639,36
17175,231231_1600_Cam1_C2 (1774).txt,3,0.728516,0.534722,36
17179,231231_1600_Cam1_C2 (1775).txt,3,0.729297,0.534028,36
17189,231231_1600_Cam1_C2 (1777).txt,3,0.726953,0.532639,36
17195,231231_1600_Cam1_C2 (1778).txt,3,0.728516,0.532639,36
17200,231231_1600_Cam1_C2 (1779).txt,3,0.727734,0.534028,36
17205,231231_1600_Cam1_C2 (1780).txt,3,0.728516,0.540278,36
17211,231231_1600_Cam1_C2 (1781).txt,3,0.728906,0.536806,36
17216,231231_1600_Cam1_C2 (1782).txt,3,0.729297,0.531944,36
17222,231231_1600_Cam1_C2 (1783).txt,3,0.730078,0.540972,36
17227,231231_1600_Cam1_C2 (1784).txt,3,0.727344,0.532639,36
17231,231231_1600_Cam1_C2 (1785).txt,3,0.728125,0.533333,36
17234,231231_1600_Cam1_C2 (1786).txt,3,0.726562,0.496528,36
17239,231231_1600_Cam1_C2 (1787).txt,3,0.725391,0.514583,36
17244,231231_1600_Cam1_C2 (1788).txt,3,0.722266,0.540278,36
17248,231231_1600_Cam1_C2 (1789).txt,3,0.726172,0.535417,36
17255,231231_1600_Cam1_C2 (1790).txt,3,0.726172,0.539583,36
17259,231231_1600_Cam1_C2 (1791).txt,3,0.725781,0.542361,36
17264,231231_1600_Cam1_C2 (1792).txt,3,0.725391,0.539583,36
17271,231231_1600_Cam1_C2 (1793).txt,3,0.724609,0.51875,36
17275,231231_1600_Cam1_C2 (1794).txt,3,0.725781,0.529167,36
17277,231231_1600_Cam1_C2 (1795).txt,3,0.727734,0.5375,36
17285,231231_1600_Cam1_C2 (1797).txt,3,0.728516,0.538889,36
17289,231231_1600_Cam1_C2 (1798).txt,3,0.728125,0.545139,36
17293,231231_1600_Cam1_C2 (1799).txt,3,0.721875,0.530556,36
17300,231231_1600_Cam1_C2 (1800).txt,3,0.728516,0.529167,36
17304,231231_1600_Cam1_C2 (1801).txt,3,0.729297,0.538889,36
17306,231231_1600_Cam1_C2 (1802).txt,3,0.727734,0.535417,36
17309,231231_1600_Cam1_C2 (1803).txt,3,0.728516,0.554861,36
17314,231231_1600_Cam1_C2 (1804).txt,3,0.728125,0.569444,36
17320,231231_1600_Cam1_C2 (1805).txt,3,0.728125,0.565972,36
17326,231231_1600_Cam1_C2 (1806).txt,3,0.728125,0.531944,36
17330,231231_1600_Cam1_C2 (1807).txt,3,0.726953,0.509028,36
17334,231231_1600_Cam1_C2 (1808).txt,3,0.728516,0.543056,36
17337,231231_1600_Cam1_C2 (1809).txt,3,0.726172,0.544444,36
17343,231231_1600_Cam1_C2 (1810).txt,3,0.726562,0.540278,36
17347,231231_1600_Cam1_C2 (1811).txt,3,0.725781,0.548611,36
17352,231231_1600_Cam1_C2 (1812).txt,3,0.725781,0.533333,36
17354,231231_1600_Cam1_C2 (1813).txt,3,0.723437,0.522917,36
17358,231231_1600_Cam1_C2 (1814).txt,3,0.725781,0.529861,36
17361,231231_1600_Cam1_C2 (1815).txt,3,0.719922,0.520139,36
17365,231231_1600_Cam1_C2 (1816).txt,3,0.719531,0.527083,36
17369,231231_1600_Cam1_C2 (1817).txt,3,0.719141,0.5125,36
17373,231231_1600_Cam1_C2 (1818).txt,3,0.721094,0.509722,36
17377,231231_1600_Cam1_C2 (1819).txt,3,0.725,0.526389,36
17383,231231_1600_Cam1_C2 (1820).txt,3,0.723047,0.546528,36
17393,231231_1600_Cam1_C2 (1822).txt,3,0.727344,0.545833,36
17396,231231_1600_Cam1_C2 (1823).txt,3,0.725391,0.540972,36
17400,231231_1600_Cam1_C2 (1824).txt,3,0.726562,0.540278,36
17404,231231_1600_Cam1_C2 (1825).txt,3,0.725391,0.545833,36
17408,231231_1600_Cam1_C2 (1826).txt,3,0.723047,0.539583,36
17411,231231_1600_Cam1_C2 (1827).txt,3,0.727734,0.540972,36
17414,231231_1600_Cam1_C2 (1828).txt,3,0.721875,0.536806,36
17417,231231_1600_Cam1_C2 (1829).txt,3,0.723437,0.538194,36
17424,231231_1600_Cam1_C2 (1830).txt,3,0.721484,0.538889,36
17427,231231_1600_Cam1_C2 (1831).txt,3,0.721484,0.54375,36
17432,231231_1600_Cam1_C2 (1832).txt,3,0.724219,0.5375,36
17436,231231_1600_Cam1_C2 (1833).txt,3,0.71875,0.548611,36
17441,231231_1600_Cam1_C2 (1834).txt,3,0.721875,0.547222,36
17444,231231_1600_Cam1_C2 (1835).txt,3,0.719922,0.526389,36
17448,231231_1600_Cam1_C2 (1836).txt,3,0.722656,0.527778,36
17451,231231_1600_Cam1_C2 (1837).txt,3,0.71875,0.522917,36
17454,231231_1600_Cam1_C2 (1838).txt,3,0.726953,0.536111,36
17456,231231_1600_Cam1_C2 (1839).txt,3,0.724609,0.528472,36
17460,231231_1600_Cam1_C2 (1840).txt,3,0.723047,0.530556,36
17462,231231_1600_Cam1_C2 (1841).txt,3,0.727344,0.538889,36
17465,231231_1600_Cam1_C2 (1842).txt,3,0.719141,0.547222,36
17467,231231_1600_Cam1_C2 (1843).txt,3,0.726172,0.545139,36
17471,231231_1600_Cam1_C2 (1844).txt,3,0.723828,0.539583,36
17475,231231_1600_Cam1_C2 (1845).txt,3,0.722656,0.550694,36
17479,231231_1600_Cam1_C2 (1846).txt,3,0.725391,0.5375,36
17482,231231_1600_Cam1_C2 (1847).txt,3,0.728125,0.521528,36
17486,231231_1600_Cam1_C2 (1848).txt,3,0.717187,0.529167,36
17489,231231_1600_Cam1_C2 (1849).txt,3,0.719531,0.539583,36
17496,231231_1600_Cam1_C2 (1850).txt,3,0.721094,0.53125,36
17500,231231_1600_Cam1_C2 (1851).txt,3,0.726172,0.543056,36
17503,231231_1600_Cam1_C2 (1852).txt,3,0.726172,0.535417,36
17507,231231_1600_Cam1_C2 (1853).txt,3,0.723047,0.527083,36
17510,231231_1600_Cam1_C2 (1854).txt,3,0.723047,0.539583,36
17513,231231_1600_Cam1_C2 (1855).txt,3,0.723047,0.538194,36
17517,231231_1600_Cam1_C2 (1856).txt,3,0.725,0.530556,36
17519,231231_1600_Cam1_C2 (1857).txt,3,0.727344,0.54375,36
17523,231231_1600_Cam1_C2 (1858).txt,3,0.733203,0.532639,36
17526,231231_1600_Cam1_C2 (1859).txt,3,0.728125,0.53125,36
17533,231231_1600_Cam1_C2 (1860).txt,3,0.726562,0.534722,36
17536,231231_1600_Cam1_C2 (1861).txt,3,0.727344,0.529167,36
17540,231231_1600_Cam1_C2 (1862).txt,3,0.727344,0.527083,36
17544,231231_1600_Cam1_C2 (1863).txt,3,0.726953,0.524306,36
17549,231231_1600_Cam1_C2 (1864).txt,3,0.725781,0.536806,36
17552,231231_1600_Cam1_C2 (1865).txt,3,0.724609,0.536111,36
17556,231231_1600_Cam1_C2 (1866).txt,3,0.726562,0.540278,36
17560,231231_1600_Cam1_C2 (1867).txt,3,0.725,0.53125,36
17566,231231_1600_Cam1_C2 (1868).txt,3,0.724219,0.528472,36
17568,231231_1600_Cam1_C2 (1869).txt,3,0.725,0.527778,36
17574,231231_1600_Cam1_C2 (1870).txt,3,0.727734,0.515972,36
17578,231231_1600_Cam1_C2 (1871).txt,3,0.724609,0.538194,36
17582,231231_1600_Cam1_C2 (1872).txt,3,0.722656,0.529167,36
17586,231231_1600_Cam1_C2 (1873).txt,3,0.728516,0.532639,36
17590,231231_1600_Cam1_C2 (1874).txt,3,0.723828,0.541667,36
17594,231231_1600_Cam1_C2 (1875).txt,3,0.720313,0.542361,36
17598,231231_1600_Cam1_C2 (1876).txt,3,0.722656,0.5375,36
17602,231231_1600_Cam1_C2 (1877).txt,3,0.71875,0.529861,36
17606,231231_1600_Cam1_C2 (1878).txt,3,0.725391,0.543056,36
17610,231231_1600_Cam1_C2 (1879).txt,3,0.723437,0.532639,36
17616,231231_1600_Cam1_C2 (1880).txt,3,0.723437,0.536111,36
17620,231231_1600_Cam1_C2 (1881).txt,3,0.721094,0.538889,36
17624,231231_1600_Cam1_C2 (1882).txt,3,0.723437,0.534028,36
17628,231231_1600_Cam1_C2 (1883).txt,3,0.724219,0.541667,36
17632,231231_1600_Cam1_C2 (1884).txt,3,0.726953,0.5375,36
17636,231231_1600_Cam1_C2 (1885).txt,3,0.724609,0.53125,36
17639,231231_1600_Cam1_C2 (1886).txt,3,0.722656,0.529167,36
17643,231231_1600_Cam1_C2 (1887).txt,3,0.722266,0.538194,36
17647,231231_1600_Cam1_C2 (1888).txt,3,0.721875,0.529167,36
17653,231231_1600_Cam1_C2 (1889).txt,3,0.723047,0.538889,36
17657,231231_1600_Cam1_C2 (1890).txt,3,0.723437,0.534028,36
17661,231231_1600_Cam1_C2 (1891).txt,3,0.723047,0.535417,36
17666,231231_1600_Cam1_C2 (1892).txt,3,0.723047,0.534722,36
17670,231231_1600_Cam1_C2 (1893).txt,3,0.724219,0.533333,36
17674,231231_1600_Cam1_C2 (1894).txt,3,0.723437,0.534028,36
17677,231231_1600_Cam1_C2 (1895).txt,3,0.723437,0.529167,36
17681,231231_1600_Cam1_C2 (1896).txt,3,0.725391,0.534722,36
17685,231231_1600_Cam1_C2 (1897).txt,3,0.721484,0.532639,36
17689,231231_1600_Cam1_C2 (1898).txt,3,0.723828,0.542361,36
17701,231231_1600_Cam1_C2 (1900).txt,3,0.723437,0.534722,36
17705,231231_1600_Cam1_C2 (1901).txt,3,0.725,0.539583,36
17709,231231_1600_Cam1_C2 (1902).txt,3,0.723437,0.504861,36
17713,231231_1600_Cam1_C2 (1903).txt,3,0.720703,0.529861,36
17717,231231_1600_Cam1_C2 (1904).txt,3,0.721484,0.540278,36
17721,231231_1600_Cam1_C2 (1905).txt,3,0.719922,0.534722,36
17725,231231_1600_Cam1_C2 (1906).txt,3,0.720313,0.527083,36
17729,231231_1600_Cam1_C2 (1907).txt,3,0.723047,0.542361,36
17733,231231_1600_Cam1_C2 (1908).txt,3,0.721484,0.501389,36
17737,231231_1600_Cam1_C2 (1909).txt,3,0.719531,0.538889,36
17743,231231_1600_Cam1_C2 (1910).txt,3,0.724219,0.534028,36
17747,231231_1600_Cam1_C2 (1911).txt,3,0.726953,0.525,36
17751,231231_1600_Cam1_C2 (1912).txt,3,0.728906,0.530556,36
17755,231231_1600_Cam1_C2 (1913).txt,3,0.728125,0.542361,36
17759,231231_1600_Cam1_C2 (1914).txt,3,0.726562,0.547917,36
17763,231231_1600_Cam1_C2 (1915).txt,3,0.727734,0.541667,36
17767,231231_1600_Cam1_C2 (1916).txt,3,0.725391,0.550694,36
17771,231231_1600_Cam1_C2 (1917).txt,3,0.723047,0.55,36
17775,231231_1600_Cam1_C2 (1918).txt,3,0.724609,0.547917,36
17779,231231_1600_Cam1_C2 (1919).txt,3,0.724219,0.545833,36
17785,231231_1600_Cam1_C2 (1920).txt,3,0.725391,0.550694,36
17789,231231_1600_Cam1_C2 (1921).txt,3,0.725391,0.521528,36
17793,231231_1600_Cam1_C2 (1922).txt,3,0.726172,0.546528,36
17797,231231_1600_Cam1_C2 (1923).txt,3,0.726953,0.540278,36
17801,231231_1600_Cam1_C2 (1924).txt,3,0.723047,0.544444,36
17805,231231_1600_Cam1_C2 (1925).txt,3,0.722656,0.541667,36
17808,231231_1600_Cam1_C2 (1926).txt,3,0.720313,0.54375,36
17811,231231_1600_Cam1_C2 (1927).txt,3,0.721875,0.546528,36
17814,231231_1600_Cam1_C2 (1928).txt,3,0.722656,0.546528,36
17818,231231_1600_Cam1_C2 (1929).txt,3,0.730859,0.554167,36
17823,231231_1600_Cam1_C2 (1930).txt,3,0.729297,0.549306,36
17827,231231_1600_Cam1_C2 (1931).txt,3,0.723437,0.545833,36
17831,231231_1600_Cam1_C2 (1932).txt,3,0.725781,0.536111,36
17835,231231_1600_Cam1_C2 (1933).txt,3,0.725391,0.547917,36
17839,231231_1600_Cam1_C2 (1934).txt,3,0.721875,0.543056,36
17843,231231_1600_Cam1_C2 (1935).txt,3,0.720703,0.54375,36
17848,231231_1600_Cam1_C2 (1936).txt,3,0.724219,0.530556,36
17854,231231_1600_Cam1_C2 (1937).txt,3,0.725,0.529861,36
17857,231231_1600_Cam1_C2 (1938).txt,3,0.725,0.53125,36
17861,231231_1600_Cam1_C2 (1939).txt,3,0.724219,0.533333,36
17866,231231_1600_Cam1_C2 (1940).txt,3,0.725781,0.529861,36
17869,231231_1600_Cam1_C2 (1941).txt,3,0.725391,0.529861,36
17874,231231_1600_Cam1_C2 (1942).txt,3,0.726953,0.529861,36
17877,231231_1600_Cam1_C2 (1943).txt,3,0.728516,0.495833,36
17882,231231_1600_Cam1_C2 (1944).txt,3,0.716797,0.527083,36
17889,231231_1600_Cam1_C2 (1945).txt,3,0.727734,0.525,36
17893,231231_1600_Cam1_C2 (1946).txt,3,0.725781,0.523611,36
17898,231231_1600_Cam1_C2 (1947).txt,3,0.732422,0.525694,36
17909,231231_1600_Cam1_C2 (1949).txt,3,0.717578,0.517361,36
17916,231231_1600_Cam1_C2 (1950).txt,3,0.719531,0.525,36
17921,231231_1600_Cam1_C2 (1951).txt,3,0.715625,0.538889,36
17926,231231_1600_Cam1_C2 (1952).txt,3,0.718359,0.536806,36
17934,231231_1600_Cam1_C2 (1954).txt,3,0.719922,0.529861,36
17939,231231_1600_Cam1_C2 (1955).txt,3,0.721875,0.530556,36
17954,231231_1600_Cam1_C2 (1958).txt,3,0.727344,0.530556,36
17959,231231_1600_Cam1_C2 (1959).txt,3,0.729297,0.528472,36
17970,231231_1600_Cam1_C2 (1961).txt,3,0.733203,0.521528,36
17976,231231_1600_Cam1_C2 (1962).txt,3,0.725781,0.530556,36
17991,231231_1600_Cam1_C2 (1965).txt,3,0.733203,0.53125,36
17997,231231_1600_Cam1_C2 (1966).txt,3,0.731641,0.528472,36
18000,231231_1600_Cam1_C2 (1967).txt,3,0.727734,0.535417,36
18005,231231_1600_Cam1_C2 (1968).txt,3,0.728906,0.532639,36
18011,231231_1600_Cam1_C2 (1969).txt,3,0.716016,0.532639,36
18038,231231_1600_Cam1_C2 (1974).txt,3,0.728906,0.522917,36
18045,231231_1600_Cam1_C2 (1975).txt,3,0.725,0.522222,36
18048,231231_1600_Cam1_C2 (1976).txt,3,0.725781,0.524306,36
18053,231231_1600_Cam1_C2 (1977).txt,3,0.724219,0.533333,36
18056,231231_1600_Cam1_C2 (1978).txt,3,0.726172,0.527083,36
18062,231231_1600_Cam1_C2 (1979).txt,3,0.727344,0.524306,36
18066,231231_1600_Cam1_C2 (1980).txt,3,0.725781,0.525,36
18076,231231_1600_Cam1_C2 (1982).txt,3,0.726562,0.524306,36
18081,231231_1600_Cam1_C2 (1983).txt,3,0.726562,0.525,36
18087,231231_1600_Cam1_C2 (1984).txt,3,0.725781,0.530556,36
18092,231231_1600_Cam1_C2 (1985).txt,3,0.726172,0.528472,36
18098,231231_1600_Cam1_C2 (1986).txt,3,0.725781,0.527778,36
18102,231231_1600_Cam1_C2 (1987).txt,3,0.725,0.529861,36
18107,231231_1600_Cam1_C2 (1988).txt,3,0.725,0.521528,36
18113,231231_1600_Cam1_C2 (1989).txt,3,0.725781,0.530556,36
18119,231231_1600_Cam1_C2 (1990).txt,3,0.726562,0.525694,36
18124,231231_1600_Cam1_C2 (1991).txt,3,0.726562,0.53125,36
18127,231231_1600_Cam1_C2 (1992).txt,3,0.726562,0.530556,36
18131,231231_1600_Cam1_C2 (1993).txt,3,0.726562,0.528472,36
18135,231231_1600_Cam1_C2 (1994).txt,3,0.725781,0.533333,36
18139,231231_1600_Cam1_C2 (1995).txt,3,0.726953,0.530556,36
18144,231231_1600_Cam1_C2 (1996).txt,3,0.726172,0.534028,36
18147,231231_1600_Cam1_C2 (1997).txt,3,0.725781,0.531944,36
18151,231231_1600_Cam1_C2 (1998).txt,3,0.726172,0.532639,36
18155,231231_1600_Cam1_C2 (1999).txt,3,0.726172,0.533333,36
18165,231231_1600_Cam1_C2 (2000).txt,3,0.727344,0.525694,36
18171,231231_1600_Cam1_C2 (2001).txt,3,0.726562,0.53125,36
18176,231231_1600_Cam1_C2 (2002).txt,3,0.728125,0.529861,36
18181,231231_1600_Cam1_C2 (2003).txt,3,0.725391,0.527083,36
18185,231231_1600_Cam1_C2 (2004).txt,3,0.726172,0.527778,36
18189,231231_1600_Cam1_C2 (2005).txt,3,0.726172,0.532639,36
18193,231231_1600_Cam1_C2 (2006).txt,3,0.727344,0.532639,36
18198,231231_1600_Cam1_C2 (2007).txt,3,0.723437,0.530556,36
18202,231231_1600_Cam1_C2 (2008).txt,3,0.726562,0.521528,36
18212,231231_1600_Cam1_C2 (2010).txt,3,0.725,0.523611,36
18216,231231_1600_Cam1_C2 (2011).txt,3,0.725391,0.522917,36
18222,231231_1600_Cam1_C2 (2012).txt,3,0.725781,0.525,36
18224,231231_1600_Cam1_C2 (2013).txt,3,0.724609,0.519444,36
18229,231231_1600_Cam1_C2 (2014).txt,3,0.724609,0.533333,36
18233,231231_1600_Cam1_C2 (2015).txt,3,0.725391,0.521528,36
18237,231231_1600_Cam1_C2 (2016).txt,3,0.725,0.524306,36
18239,231231_1600_Cam1_C2 (2017).txt,3,0.725391,0.545833,36
18242,231231_1600_Cam1_C2 (2018).txt,3,0.724609,0.527083,36
18246,231231_1600_Cam1_C2 (2019).txt,3,0.724609,0.527778,36
18250,231231_1600_Cam1_C2 (2020).txt,3,0.727734,0.526389,36
18253,231231_1600_Cam1_C2 (2021).txt,3,0.725391,0.525,36
18256,231231_1600_Cam1_C2 (2022).txt,3,0.723437,0.480556,36
18259,231231_1600_Cam1_C2 (2023).txt,3,0.725,0.546528,36
18263,231231_1600_Cam1_C2 (2024).txt,3,0.725781,0.545139,36
18265,231231_1600_Cam1_C2 (2025).txt,3,0.725,0.545139,36
18268,231231_1600_Cam1_C2 (2026).txt,3,0.725,0.541667,36
18272,231231_1600_Cam1_C2 (2027).txt,3,0.725781,0.531944,36
18275,231231_1600_Cam1_C2 (2028).txt,3,0.726172,0.525,36
18277,231231_1600_Cam1_C2 (2029).txt,3,0.723828,0.532639,36
18282,231231_1600_Cam1_C2 (2030).txt,3,0.724219,0.53125,36
18285,231231_1600_Cam1_C2 (2031).txt,3,0.724609,0.524306,36
18289,231231_1600_Cam1_C2 (2032).txt,3,0.724219,0.525,36
18292,231231_1600_Cam1_C2 (2033).txt,3,0.725,0.527778,36
18295,231231_1600_Cam1_C2 (2034).txt,3,0.725391,0.527083,36
18298,231231_1600_Cam1_C2 (2035).txt,3,0.725781,0.527778,36
18301,231231_1600_Cam1_C2 (2036).txt,3,0.725,0.525,36
18305,231231_1600_Cam1_C2 (2037).txt,3,0.726172,0.53125,36
18306,231231_1600_Cam1_C2 (2038).txt,3,0.726562,0.528472,36
18309,231231_1600_Cam1_C2 (2039).txt,3,0.726953,0.529167,36
18314,231231_1600_Cam1_C2 (2040).txt,3,0.726953,0.529167,36
18319,231231_1600_Cam1_C2 (2041).txt,3,0.726172,0.525694,36
18327,231231_1600_Cam1_C2 (2044).txt,3,0.725,0.534028,36
18332,231231_1600_Cam1_C2 (2046).txt,3,0.723437,0.543056,36
18335,231231_1600_Cam1_C2 (2047).txt,3,0.723437,0.536806,36
18339,231231_1600_Cam1_C2 (2048).txt,3,0.725781,0.534028,36
18347,231231_1600_Cam1_C2 (2050).txt,3,0.728125,0.525,36
18351,231231_1600_Cam1_C2 (2051).txt,3,0.728906,0.524306,36
18353,231231_1600_Cam1_C2 (2052).txt,3,0.728906,0.53125,36
18356,231231_1600_Cam1_C2 (2053).txt,3,0.726953,0.523611,36
18359,231231_1600_Cam1_C2 (2054).txt,3,0.726172,0.535417,36
18362,231231_1600_Cam1_C2 (2055).txt,3,0.724609,0.524306,36
18364,231231_1600_Cam1_C2 (2056).txt,3,0.725781,0.525694,36
18368,231231_1600_Cam1_C2 (2057).txt,3,0.721484,0.527778,36
18371,231231_1600_Cam1_C2 (2058).txt,3,0.719922,0.529167,36
18373,231231_1600_Cam1_C2 (2059).txt,3,0.724219,0.522917,36
18382,231231_1600_Cam1_C2 (2061).txt,3,0.732812,0.532639,36
18385,231231_1600_Cam1_C2 (2062).txt,3,0.726562,0.534028,36
18388,231231_1600_Cam1_C2 (2063).txt,3,0.725391,0.526389,36
18392,231231_1600_Cam1_C2 (2064).txt,3,0.725781,0.527778,36
18395,231231_1600_Cam1_C2 (2065).txt,3,0.725,0.527778,36
18398,231231_1600_Cam1_C2 (2066).txt,3,0.724609,0.529861,36
18401,231231_1600_Cam1_C2 (2067).txt,3,0.722266,0.525,36
18404,231231_1600_Cam1_C2 (2068).txt,3,0.723047,0.529167,36
18406,231231_1600_Cam1_C2 (2069).txt,3,0.724609,0.525,36
18413,231231_1600_Cam1_C2 (2070).txt,3,0.726172,0.527083,36
18417,231231_1600_Cam1_C2 (2071).txt,3,0.725781,0.522917,36
18420,231231_1600_Cam1_C2 (2072).txt,3,0.725,0.521528,36
18422,231231_1600_Cam1_C2 (2073).txt,3,0.726562,0.522222,36
18425,231231_1600_Cam1_C2 (2074).txt,3,0.725391,0.522917,36
18428,231231_1600_Cam1_C2 (2075).txt,3,0.725,0.532639,36
18431,231231_1600_Cam1_C2 (2076).txt,3,0.726172,0.519444,36
18434,231231_1600_Cam1_C2 (2077).txt,3,0.726562,0.521528,36
18437,231231_1600_Cam1_C2 (2078).txt,3,0.725781,0.531944,36
18440,231231_1600_Cam1_C2 (2079).txt,3,0.724609,0.522917,36
18447,231231_1600_Cam1_C2 (2080).txt,3,0.724609,0.525,36
18449,231231_1600_Cam1_C2 (2081).txt,3,0.725,0.525,36
18452,231231_1600_Cam1_C2 (2082).txt,3,0.725781,0.525,36
18458,231231_1600_Cam1_C2 (2084).txt,3,0.726172,0.53125,36
18461,231231_1600_Cam1_C2 (2085).txt,3,0.726562,0.531944,36
18465,231231_1600_Cam1_C2 (2086).txt,3,0.728125,0.53125,36
18468,231231_1600_Cam1_C2 (2087).txt,3,0.727344,0.535417,36
18470,231231_1600_Cam1_C2 (2088).txt,3,0.726562,0.535417,36
18473,231231_1600_Cam1_C2 (2089).txt,3,0.726562,0.533333,36
18479,231231_1600_Cam1_C2 (2090).txt,3,0.726953,0.534028,36
18482,231231_1600_Cam1_C2 (2091).txt,3,0.726562,0.534028,36
18485,231231_1600_Cam1_C2 (2092).txt,3,0.726172,0.532639,36
18488,231231_1600_Cam1_C2 (2093).txt,3,0.724219,0.528472,36
18491,231231_1600_Cam1_C2 (2094).txt,3,0.723437,0.528472,36
18494,231231_1600_Cam1_C2 (2095).txt,3,0.725391,0.529861,36
18497,231231_1600_Cam1_C2 (2096).txt,3,0.725,0.530556,36
18501,231231_1600_Cam1_C2 (2097).txt,3,0.725391,0.535417,36
18504,231231_1600_Cam1_C2 (2098).txt,3,0.725,0.535417,36
18507,231231_1600_Cam1_C2 (2099).txt,3,0.725,0.53125,36
18517,231231_1600_Cam1_C2 (2100).txt,3,0.725781,0.529861,36
18519,231231_1600_Cam1_C2 (2101).txt,3,0.726172,0.531944,36
18524,231231_1600_Cam1_C2 (2102).txt,3,0.728516,0.53125,36
18528,231231_1600_Cam1_C2 (2103).txt,3,0.727734,0.532639,36
18531,231231_1600_Cam1_C2 (2104).txt,3,0.727734,0.532639,36
18535,231231_1600_Cam1_C2 (2105).txt,3,0.728125,0.528472,36
18539,231231_1600_Cam1_C2 (2106).txt,3,0.727344,0.528472,36
18543,231231_1600_Cam1_C2 (2107).txt,3,0.725781,0.53125,36
18547,231231_1600_Cam1_C2 (2108).txt,3,0.725391,0.530556,36
18550,231231_1600_Cam1_C2 (2109).txt,3,0.726172,0.538889,36
18557,231231_1600_Cam1_C2 (2110).txt,3,0.725,0.540972,36
18561,231231_1600_Cam1_C2 (2111).txt,3,0.724219,0.544444,36
18565,231231_1600_Cam1_C2 (2112).txt,3,0.723437,0.540972,36
18569,231231_1600_Cam1_C2 (2113).txt,3,0.719922,0.55,36
18573,231231_1600_Cam1_C2 (2114).txt,3,0.717969,0.550694,36
18578,231231_1600_Cam1_C2 (2115).txt,3,0.725,0.545833,36
18582,231231_1600_Cam1_C2 (2116).txt,3,0.728125,0.550694,36
18586,231231_1600_Cam1_C2 (2117).txt,3,0.725391,0.547222,36
18589,231231_1600_Cam1_C2 (2118).txt,3,0.725,0.543056,36
18591,231231_1600_Cam1_C2 (2119).txt,3,0.722266,0.540278,36
18598,231231_1600_Cam1_C2 (2120).txt,3,0.726562,0.545139,36
18601,231231_1600_Cam1_C2 (2121).txt,3,0.719141,0.546528,36
18604,231231_1600_Cam1_C2 (2122).txt,3,0.724609,0.545139,36
18606,231231_1600_Cam1_C2 (2123).txt,3,0.723047,0.552083,36
18609,231231_1600_Cam1_C2 (2124).txt,3,0.723437,0.548611,36
18613,231231_1600_Cam1_C2 (2125).txt,3,0.724609,0.547917,36
18616,231231_1600_Cam1_C2 (2126).txt,3,0.725391,0.548611,36
18619,231231_1600_Cam1_C2 (2127).txt,3,0.719141,0.544444,36
18622,231231_1600_Cam1_C2 (2128).txt,3,0.724219,0.547917,36
18625,231231_1600_Cam1_C2 (2129).txt,3,0.725781,0.547222,36
18631,231231_1600_Cam1_C2 (2130).txt,3,0.727344,0.545833,36
18634,231231_1600_Cam1_C2 (2131).txt,3,0.723828,0.548611,36
18636,231231_1600_Cam1_C2 (2132).txt,3,0.721875,0.540278,36
18640,231231_1600_Cam1_C2 (2133).txt,3,0.724609,0.543056,36
18642,231231_1600_Cam1_C2 (2134).txt,3,0.721094,0.545139,36
18645,231231_1600_Cam1_C2 (2135).txt,3,0.723828,0.547917,36
18649,231231_1600_Cam1_C2 (2136).txt,3,0.722656,0.545139,36
18652,231231_1600_Cam1_C2 (2137).txt,3,0.726562,0.547917,36
18655,231231_1600_Cam1_C2 (2138).txt,3,0.724609,0.54375,36
18658,231231_1600_Cam1_C2 (2139).txt,3,0.719922,0.542361,36
18664,231231_1600_Cam1_C2 (2140).txt,3,0.722266,0.545833,36
18667,231231_1600_Cam1_C2 (2141).txt,3,0.725781,0.548611,36
18670,231231_1600_Cam1_C2 (2142).txt,3,0.724219,0.553472,36
18672,231231_1600_Cam1_C2 (2143).txt,3,0.726953,0.540278,36
18674,231231_1600_Cam1_C2 (2144).txt,3,0.723437,0.535417,36
18677,231231_1600_Cam1_C2 (2145).txt,3,0.726953,0.549306,36
18679,231231_1600_Cam1_C2 (2146).txt,3,0.725391,0.545139,36
18682,231231_1600_Cam1_C2 (2147).txt,3,0.724609,0.533333,36
18684,231231_1600_Cam1_C2 (2148).txt,3,0.723437,0.53125,36
18686,231231_1600_Cam1_C2 (2149).txt,3,0.723437,0.530556,36
18691,231231_1600_Cam1_C2 (2150).txt,3,0.723047,0.531944,36
18693,231231_1600_Cam1_C2 (2151).txt,3,0.725,0.53125,36
18695,231231_1600_Cam1_C2 (2152).txt,3,0.725781,0.532639,36
18698,231231_1600_Cam1_C2 (2153).txt,3,0.724219,0.544444,36
18701,231231_1600_Cam1_C2 (2154).txt,3,0.724219,0.532639,36
18704,231231_1600_Cam1_C2 (2155).txt,3,0.726172,0.53125,36
18707,231231_1600_Cam1_C2 (2156).txt,3,0.725391,0.532639,36
18710,231231_1600_Cam1_C2 (2157).txt,3,0.727344,0.546528,36
18713,231231_1600_Cam1_C2 (2158).txt,3,0.725391,0.553472,36
18715,231231_1600_Cam1_C2 (2159).txt,3,0.723047,0.547222,36
18720,231231_1600_Cam1_C2 (2160).txt,3,0.725391,0.545139,36
18723,231231_1600_Cam1_C2 (2161).txt,3,0.723437,0.545139,36
18726,231231_1600_Cam1_C2 (2162).txt,3,0.723437,0.544444,36
18729,231231_1600_Cam1_C2 (2163).txt,3,0.722266,0.54375,36
18732,231231_1600_Cam1_C2 (2164).txt,3,0.721484,0.529861,36
18735,231231_1600_Cam1_C2 (2165).txt,3,0.723828,0.545833,36
18741,231231_1600_Cam1_C2 (2167).txt,3,0.719531,0.544444,36
18744,231231_1600_Cam1_C2 (2168).txt,3,0.722266,0.546528,36
18747,231231_1600_Cam1_C2 (2169).txt,3,0.721875,0.528472,36
18753,231231_1600_Cam1_C2 (2170).txt,3,0.723828,0.547917,36
18757,231231_1600_Cam1_C2 (2171).txt,3,0.726172,0.545139,36
18759,231231_1600_Cam1_C2 (2172).txt,3,0.725391,0.549306,36
18762,231231_1600_Cam1_C2 (2173).txt,3,0.727734,0.547222,36
18766,231231_1600_Cam1_C2 (2174).txt,3,0.729297,0.548611,36
18769,231231_1600_Cam1_C2 (2175).txt,3,0.727734,0.548611,36
18771,231231_1600_Cam1_C2 (2176).txt,3,0.724219,0.546528,36
18774,231231_1600_Cam1_C2 (2177).txt,3,0.728906,0.548611,36
18780,231231_1600_Cam1_C2 (2179).txt,3,0.727344,0.545833,36
18787,231231_1600_Cam1_C2 (2180).txt,3,0.726172,0.528472,36
18789,231231_1600_Cam1_C2 (2181).txt,3,0.726953,0.547917,36
18792,231231_1600_Cam1_C2 (2182).txt,3,0.726562,0.55,36
18795,231231_1600_Cam1_C2 (2183).txt,3,0.725,0.55625,36
18798,231231_1600_Cam1_C2 (2184).txt,3,0.725,0.544444,36
18800,231231_1600_Cam1_C2 (2185).txt,3,0.725781,0.54375,36
18802,231231_1600_Cam1_C2 (2186).txt,3,0.726562,0.541667,36
18803,231231_1600_Cam1_C2 (2187).txt,3,0.726562,0.544444,36
18805,231231_1600_Cam1_C2 (2188).txt,3,0.722656,0.545833,36
18808,231231_1600_Cam1_C2 (2189).txt,3,0.725781,0.547222,36
18813,231231_1600_Cam1_C2 (2190).txt,3,0.724609,0.541667,36
18815,231231_1600_Cam1_C2 (2191).txt,3,0.725391,0.544444,36
18817,231231_1600_Cam1_C2 (2192).txt,3,0.725391,0.545833,36
18818,231231_1600_Cam1_C2 (2193).txt,3,0.726172,0.532639,36
18821,231231_1600_Cam1_C2 (2194).txt,3,0.725781,0.531944,36
18823,231231_1600_Cam1_C2 (2195).txt,3,0.726172,0.532639,36
18825,231231_1600_Cam1_C2 (2196).txt,3,0.722656,0.530556,36
18828,231231_1600_Cam1_C2 (2197).txt,3,0.725781,0.529167,36
18832,231231_1600_Cam1_C2 (2198).txt,3,0.724609,0.54375,36
18835,231231_1600_Cam1_C2 (2199).txt,3,0.724609,0.547917,36
18843,231231_1600_Cam1_C2 (2200).txt,3,0.727344,0.54375,36
18846,231231_1600_Cam1_C2 (2201).txt,3,0.726562,0.547222,36
18849,231231_1600_Cam1_C2 (2202).txt,3,0.723828,0.546528,36
18851,231231_1600_Cam1_C2 (2203).txt,3,0.722656,0.547917,36
18854,231231_1600_Cam1_C2 (2204).txt,3,0.723437,0.544444,36
18857,231231_1600_Cam1_C2 (2205).txt,3,0.727734,0.546528,36
18860,231231_1600_Cam1_C2 (2206).txt,3,0.726172,0.546528,36
18863,231231_1600_Cam1_C2 (2207).txt,3,0.725391,0.528472,36
18867,231231_1600_Cam1_C2 (2208).txt,3,0.724219,0.544444,36
18869,231231_1600_Cam1_C2 (2209).txt,3,0.726172,0.530556,36
18875,231231_1600_Cam1_C2 (2210).txt,3,0.724609,0.547222,36
18878,231231_1600_Cam1_C2 (2211).txt,3,0.723828,0.529167,36
18881,231231_1600_Cam1_C2 (2212).txt,3,0.726953,0.528472,36
18884,231231_1600_Cam1_C2 (2213).txt,3,0.725,0.546528,36
18887,231231_1600_Cam1_C2 (2214).txt,3,0.726562,0.563194,36
18890,231231_1600_Cam1_C2 (2215).txt,3,0.725781,0.54375,36
18893,231231_1600_Cam1_C2 (2216).txt,3,0.726172,0.542361,36
18896,231231_1600_Cam1_C2 (2217).txt,3,0.726562,0.546528,36
18899,231231_1600_Cam1_C2 (2218).txt,3,0.726172,0.546528,36
18902,231231_1600_Cam1_C2 (2219).txt,3,0.723828,0.547222,36
18908,231231_1600_Cam1_C2 (2220).txt,3,0.721875,0.557639,36
18911,231231_1600_Cam1_C2 (2221).txt,3,0.723047,0.547222,36
18914,231231_1600_Cam1_C2 (2222).txt,3,0.726562,0.550694,36
18916,231231_1600_Cam1_C2 (2223).txt,3,0.724609,0.547222,36
18920,231231_1600_Cam1_C2 (2224).txt,3,0.724219,0.545833,36
18923,231231_1600_Cam1_C2 (2225).txt,3,0.727734,0.550694,36
18925,231231_1600_Cam1_C2 (2226).txt,3,0.727734,0.547917,36
18929,231231_1600_Cam1_C2 (2227).txt,3,0.721875,0.546528,36
18932,231231_1600_Cam1_C2 (2228).txt,3,0.721484,0.527778,36
18935,231231_1600_Cam1_C2 (2229).txt,3,0.721484,0.544444,36
18941,231231_1600_Cam1_C2 (2230).txt,3,0.724609,0.542361,36
18944,231231_1600_Cam1_C2 (2231).txt,3,0.724219,0.528472,36
18947,231231_1600_Cam1_C2 (2232).txt,3,0.725,0.529167,36
18950,231231_1600_Cam1_C2 (2233).txt,3,0.723828,0.545833,36
18953,231231_1600_Cam1_C2 (2234).txt,3,0.726172,0.536806,36
18956,231231_1600_Cam1_C2 (2235).txt,3,0.726562,0.539583,36
18959,231231_1600_Cam1_C2 (2236).txt,3,0.723437,0.549306,36
18962,231231_1600_Cam1_C2 (2237).txt,3,0.726562,0.529167,36
18966,231231_1600_Cam1_C2 (2238).txt,3,0.725,0.551389,36
18968,231231_1600_Cam1_C2 (2239).txt,3,0.724219,0.545833,36
18974,231231_1600_Cam1_C2 (2240).txt,3,0.724609,0.540972,36
18977,231231_1600_Cam1_C2 (2241).txt,3,0.724609,0.545139,36
18981,231231_1600_Cam1_C2 (2242).txt,3,0.725,0.532639,36
18983,231231_1600_Cam1_C2 (2243).txt,3,0.725,0.53125,36
18987,231231_1600_Cam1_C2 (2244).txt,3,0.725781,0.529861,36
18990,231231_1600_Cam1_C2 (2245).txt,3,0.724609,0.531944,36
18992,231231_1600_Cam1_C2 (2246).txt,3,0.725781,0.542361,36
18996,231231_1600_Cam1_C2 (2247).txt,3,0.722656,0.538194,36
18998,231231_1600_Cam1_C2 (2248).txt,3,0.726172,0.534028,36
19001,231231_1600_Cam1_C2 (2249).txt,3,0.726953,0.534722,36
19007,231231_1600_Cam1_C2 (2250).txt,3,0.726172,0.543056,36
19010,231231_1600_Cam1_C2 (2251).txt,3,0.722656,0.545833,36
19012,231231_1600_Cam1_C2 (2252).txt,3,0.723047,0.545833,36
19015,231231_1600_Cam1_C2 (2253).txt,3,0.725781,0.53125,36
19019,231231_1600_Cam1_C2 (2254).txt,3,0.725391,0.549306,36
19022,231231_1600_Cam1_C2 (2255).txt,3,0.728516,0.547222,36
19025,231231_1600_Cam1_C2 (2256).txt,3,0.727344,0.531944,36
19029,231231_1600_Cam1_C2 (2257).txt,3,0.728125,0.521528,36
19032,231231_1600_Cam1_C2 (2258).txt,3,0.726172,0.532639,36
19034,231231_1600_Cam1_C2 (2259).txt,3,0.726562,0.534028,36
19041,231231_1600_Cam1_C2 (2260).txt,3,0.726953,0.531944,36
19042,231231_1600_Cam1_C2 (2261).txt,3,0.727344,0.540278,36
19046,231231_1600_Cam1_C2 (2262).txt,3,0.725,0.543056,36
19049,231231_1600_Cam1_C2 (2263).txt,3,0.725391,0.547917,36
19052,231231_1600_Cam1_C2 (2264).txt,3,0.726172,0.531944,36
19056,231231_1600_Cam1_C2 (2265).txt,3,0.726172,0.531944,36
19057,231231_1600_Cam1_C2 (2266).txt,3,0.725781,0.53125,36
19060,231231_1600_Cam1_C2 (2267).txt,3,0.724609,0.532639,36
19062,231231_1600_Cam1_C2 (2268).txt,3,0.725781,0.533333,36
19063,231231_1600_Cam1_C2 (2269).txt,3,0.725781,0.532639,36
19068,231231_1600_Cam1_C2 (2270).txt,3,0.726953,0.541667,36
19070,231231_1600_Cam1_C2 (2271).txt,3,0.726172,0.529861,36
19072,231231_1600_Cam1_C2 (2272).txt,3,0.725781,0.530556,36
19075,231231_1600_Cam1_C2 (2273).txt,3,0.725781,0.532639,36
19077,231231_1600_Cam1_C2 (2274).txt,3,0.724219,0.53125,36
19079,231231_1600_Cam1_C2 (2275).txt,3,0.724609,0.532639,36
19081,231231_1600_Cam1_C2 (2276).txt,3,0.726562,0.531944,36
19083,231231_1600_Cam1_C2 (2277).txt,3,0.726172,0.531944,36
19085,231231_1600_Cam1_C2 (2278).txt,3,0.725781,0.53125,36
19087,231231_1600_Cam1_C2 (2279).txt,3,0.726172,0.530556,36
19092,231231_1600_Cam1_C2 (2280).txt,3,0.726172,0.53125,36
19095,231231_1600_Cam1_C2 (2281).txt,3,0.726953,0.529167,36
19097,231231_1600_Cam1_C2 (2282).txt,3,0.724609,0.532639,36
19099,231231_1600_Cam1_C2 (2283).txt,3,0.725391,0.530556,36
19101,231231_1600_Cam1_C2 (2284).txt,3,0.725391,0.53125,36
19103,231231_1600_Cam1_C2 (2285).txt,3,0.724609,0.530556,36
19106,231231_1600_Cam1_C2 (2286).txt,3,0.726172,0.531944,36
19107,231231_1600_Cam1_C2 (2287).txt,3,0.724609,0.546528,36
19112,231231_1600_Cam1_C2 (2288).txt,3,0.724219,0.545833,36
19121,231231_1600_Cam1_C2 (2290).txt,3,0.725,0.543056,36
19125,231231_1600_Cam1_C2 (2291).txt,3,0.724219,0.536111,36
19128,231231_1600_Cam1_C2 (2292).txt,3,0.723047,0.544444,36
19132,231231_1600_Cam1_C2 (2293).txt,3,0.727734,0.547222,36
19135,231231_1600_Cam1_C2 (2294).txt,3,0.726172,0.536806,36
19138,231231_1600_Cam1_C2 (2295).txt,3,0.726562,0.535417,36
19141,231231_1600_Cam1_C2 (2296).txt,3,0.726562,0.534028,36
19143,231231_1600_Cam1_C2 (2297).txt,3,0.726172,0.541667,36
19147,231231_1600_Cam1_C2 (2298).txt,3,0.726953,0.533333,36
19149,231231_1600_Cam1_C2 (2299).txt,3,0.728906,0.547222,36
19152,231231_1600_Cam1_C2 (23).txt,3,0.719922,0.515278,36
19158,231231_1600_Cam1_C2 (2300).txt,3,0.727734,0.545139,36
19160,231231_1600_Cam1_C2 (2301).txt,3,0.725,0.538194,36
19163,231231_1600_Cam1_C2 (2302).txt,3,0.725,0.542361,36
19167,231231_1600_Cam1_C2 (2303).txt,3,0.725,0.533333,36
19171,231231_1600_Cam1_C2 (2304).txt,3,0.725391,0.53125,36
19176,231231_1600_Cam1_C2 (2305).txt,3,0.725391,0.532639,36
19179,231231_1600_Cam1_C2 (2306).txt,3,0.725781,0.532639,36
19184,231231_1600_Cam1_C2 (2307).txt,3,0.725391,0.533333,36
19188,231231_1600_Cam1_C2 (2308).txt,3,0.725781,0.531944,36
19192,231231_1600_Cam1_C2 (2309).txt,3,0.725781,0.531944,36
19199,231231_1600_Cam1_C2 (2310).txt,3,0.724219,0.533333,36
19203,231231_1600_Cam1_C2 (2311).txt,3,0.725391,0.533333,36
19208,231231_1600_Cam1_C2 (2312).txt,3,0.725,0.533333,36
19211,231231_1600_Cam1_C2 (2313).txt,3,0.724609,0.545139,36
19215,231231_1600_Cam1_C2 (2314).txt,3,0.725,0.545139,36
19219,231231_1600_Cam1_C2 (2315).txt,3,0.723828,0.542361,36
19223,231231_1600_Cam1_C2 (2316).txt,3,0.725391,0.545139,36
19227,231231_1600_Cam1_C2 (2317).txt,3,0.725781,0.546528,36
19229,231231_1600_Cam1_C2 (2318).txt,3,0.724609,0.545833,36
19233,231231_1600_Cam1_C2 (2319).txt,3,0.725391,0.545833,36
19240,231231_1600_Cam1_C2 (2320).txt,3,0.725391,0.552083,36
19244,231231_1600_Cam1_C2 (2321).txt,3,0.725,0.547917,36
19248,231231_1600_Cam1_C2 (2322).txt,3,0.725,0.539583,36
19254,231231_1600_Cam1_C2 (2323).txt,3,0.727344,0.533333,36
19257,231231_1600_Cam1_C2 (2324).txt,3,0.726172,0.533333,36
19260,231231_1600_Cam1_C2 (2325).txt,3,0.726562,0.534028,36
19264,231231_1600_Cam1_C2 (2326).txt,3,0.724609,0.536806,36
19271,231231_1600_Cam1_C2 (2327).txt,3,0.725391,0.547917,36
19273,231231_1600_Cam1_C2 (2328).txt,3,0.724609,0.54375,36
19279,231231_1600_Cam1_C2 (2329).txt,3,0.727344,0.54375,36
19285,231231_1600_Cam1_C2 (2330).txt,3,0.724219,0.547917,36
19288,231231_1600_Cam1_C2 (2331).txt,3,0.725781,0.502083,36
19293,231231_1600_Cam1_C2 (2332).txt,3,0.725781,0.545139,36
19297,231231_1600_Cam1_C2 (2333).txt,3,0.729297,0.546528,36
19300,231231_1600_Cam1_C2 (2334).txt,3,0.724219,0.545139,36
19303,231231_1600_Cam1_C2 (2335).txt,3,0.722266,0.546528,36
19306,231231_1600_Cam1_C2 (2336).txt,3,0.721875,0.545139,36
19310,231231_1600_Cam1_C2 (2337).txt,3,0.724219,0.538194,36
19312,231231_1600_Cam1_C2 (2338).txt,3,0.725391,0.545139,36
19315,231231_1600_Cam1_C2 (2339).txt,3,0.724609,0.543056,36
19321,231231_1600_Cam1_C2 (2340).txt,3,0.726562,0.535417,36
19325,231231_1600_Cam1_C2 (2341).txt,3,0.725,0.536806,36
19328,231231_1600_Cam1_C2 (2342).txt,3,0.725,0.536111,36
19331,231231_1600_Cam1_C2 (2343).txt,3,0.727734,0.533333,36
19335,231231_1600_Cam1_C2 (2344).txt,3,0.727344,0.534028,36
19338,231231_1600_Cam1_C2 (2345).txt,3,0.726562,0.531944,36
19341,231231_1600_Cam1_C2 (2346).txt,3,0.726953,0.530556,36
19343,231231_1600_Cam1_C2 (2347).txt,3,0.725,0.530556,36
19345,231231_1600_Cam1_C2 (2348).txt,3,0.725,0.53125,36
19348,231231_1600_Cam1_C2 (2349).txt,3,0.721875,0.533333,36
19354,231231_1600_Cam1_C2 (2350).txt,3,0.725781,0.529167,36
19357,231231_1600_Cam1_C2 (2351).txt,3,0.725781,0.525,36
19360,231231_1600_Cam1_C2 (2352).txt,3,0.723828,0.520139,36
19362,231231_1600_Cam1_C2 (2353).txt,3,0.721094,0.525,36
19364,231231_1600_Cam1_C2 (2354).txt,3,0.723047,0.51875,36
19367,231231_1600_Cam1_C2 (2355).txt,3,0.725391,0.520139,36
19370,231231_1600_Cam1_C2 (2356).txt,3,0.725,0.534722,36
19372,231231_1600_Cam1_C2 (2357).txt,3,0.71875,0.538889,36
19376,231231_1600_Cam1_C2 (2358).txt,3,0.723828,0.527083,36
19379,231231_1600_Cam1_C2 (2359).txt,3,0.726172,0.525694,36
19385,231231_1600_Cam1_C2 (2360).txt,3,0.718359,0.527778,36
19386,231231_1600_Cam1_C2 (2361).txt,3,0.718359,0.529861,36
19388,231231_1600_Cam1_C2 (2362).txt,3,0.719922,0.528472,36
19390,231231_1600_Cam1_C2 (2363).txt,3,0.721484,0.523611,36
19392,231231_1600_Cam1_C2 (2364).txt,3,0.721484,0.507639,36
19394,231231_1600_Cam1_C2 (2365).txt,3,0.721484,0.525694,36
19396,231231_1600_Cam1_C2 (2366).txt,3,0.721875,0.524306,36
19399,231231_1600_Cam1_C2 (2367).txt,3,0.719922,0.530556,36
19402,231231_1600_Cam1_C2 (2368).txt,3,0.721094,0.51875,36
19405,231231_1600_Cam1_C2 (2369).txt,3,0.720703,0.520139,36
19411,231231_1600_Cam1_C2 (2370).txt,3,0.724609,0.524306,36
19414,231231_1600_Cam1_C2 (2371).txt,3,0.729688,0.519444,36
19417,231231_1600_Cam1_C2 (2372).txt,3,0.724219,0.525694,36
19424,231231_1600_Cam1_C2 (2374).txt,3,0.721484,0.525694,36
19427,231231_1600_Cam1_C2 (2375).txt,3,0.726562,0.548611,36
19429,231231_1600_Cam1_C2 (2376).txt,3,0.725391,0.542361,36
19433,231231_1600_Cam1_C2 (2377).txt,3,0.724219,0.557639,36
19437,231231_1600_Cam1_C2 (2378).txt,3,0.724609,0.529167,36
19441,231231_1600_Cam1_C2 (2379).txt,3,0.726172,0.549306,36
19447,231231_1600_Cam1_C2 (2380).txt,3,0.724219,0.545833,36
19451,231231_1600_Cam1_C2 (2381).txt,3,0.719922,0.521528,36
19454,231231_1600_Cam1_C2 (2382).txt,3,0.721875,0.522917,36
19457,231231_1600_Cam1_C2 (2383).txt,3,0.721484,0.522222,36
19459,231231_1600_Cam1_C2 (2384).txt,3,0.726172,0.518056,36
19463,231231_1600_Cam1_C2 (2385).txt,3,0.723437,0.51875,36
19465,231231_1600_Cam1_C2 (2386).txt,3,0.725391,0.528472,36
19469,231231_1600_Cam1_C2 (2387).txt,3,0.723047,0.525694,36
19474,231231_1600_Cam1_C2 (2388).txt,3,0.725391,0.53125,36
19477,231231_1600_Cam1_C2 (2389).txt,3,0.726562,0.53125,36
19482,231231_1600_Cam1_C2 (2390).txt,3,0.726562,0.529861,36
19484,231231_1600_Cam1_C2 (2391).txt,3,0.726953,0.53125,36
19485,231231_1600_Cam1_C2 (2392).txt,3,0.726562,0.529861,36
19488,231231_1600_Cam1_C2 (2393).txt,3,0.724609,0.527778,36
19490,231231_1600_Cam1_C2 (2394).txt,3,0.726562,0.552778,36
19492,231231_1600_Cam1_C2 (2395).txt,3,0.724219,0.544444,36
19496,231231_1600_Cam1_C2 (2396).txt,3,0.723437,0.536806,36
19499,231231_1600_Cam1_C2 (2397).txt,3,0.723047,0.535417,36
19503,231231_1600_Cam1_C2 (2398).txt,3,0.727344,0.53125,36
19505,231231_1600_Cam1_C2 (2399).txt,3,0.728125,0.530556,36
19514,231231_1600_Cam1_C2 (2400).txt,3,0.726562,0.534028,36
19517,231231_1600_Cam1_C2 (2401).txt,3,0.725781,0.532639,36
19519,231231_1600_Cam1_C2 (2402).txt,3,0.727344,0.531944,36
19521,231231_1600_Cam1_C2 (2403).txt,3,0.725,0.53125,36
19524,231231_1600_Cam1_C2 (2404).txt,3,0.725391,0.520833,36
19526,231231_1600_Cam1_C2 (2405).txt,3,0.725391,0.540278,36
19531,231231_1600_Cam1_C2 (2406).txt,3,0.724219,0.545139,36
19540,231231_1600_Cam1_C2 (2408).txt,3,0.732031,0.529861,36
19543,231231_1600_Cam1_C2 (2409).txt,3,0.728516,0.529167,36
19549,231231_1600_Cam1_C2 (2410).txt,3,0.726562,0.531944,36
19551,231231_1600_Cam1_C2 (2411).txt,3,0.727734,0.530556,36
19554,231231_1600_Cam1_C2 (2412).txt,3,0.725781,0.532639,36
19557,231231_1600_Cam1_C2 (2413).txt,3,0.726953,0.534028,36
19560,231231_1600_Cam1_C2 (2414).txt,3,0.726172,0.534722,36
19562,231231_1600_Cam1_C2 (2415).txt,3,0.726953,0.530556,36
19568,231231_1600_Cam1_C2 (2416).txt,3,0.725781,0.533333,36
19571,231231_1600_Cam1_C2 (2417).txt,3,0.726953,0.533333,36
19574,231231_1600_Cam1_C2 (2418).txt,3,0.726562,0.533333,36
19580,231231_1600_Cam1_C2 (2419).txt,3,0.727734,0.530556,36
19587,231231_1600_Cam1_C2 (2420).txt,3,0.726562,0.530556,36
19591,231231_1600_Cam1_C2 (2421).txt,3,0.726562,0.530556,36
19594,231231_1600_Cam1_C2 (2422).txt,3,0.725391,0.533333,36
19597,231231_1600_Cam1_C2 (2423).txt,3,0.725391,0.534722,36
19599,231231_1600_Cam1_C2 (2424).txt,3,0.725391,0.531944,36
19600,231231_1600_Cam1_C2 (2425).txt,3,0.725781,0.529167,36
19606,231231_1600_Cam1_C2 (2426).txt,3,0.723828,0.529167,36
19609,231231_1600_Cam1_C2 (2427).txt,3,0.724609,0.529861,36
19613,231231_1600_Cam1_C2 (2428).txt,3,0.725391,0.53125,36
19616,231231_1600_Cam1_C2 (2429).txt,3,0.725781,0.530556,36
19622,231231_1600_Cam1_C2 (2430).txt,3,0.725781,0.530556,36
19625,231231_1600_Cam1_C2 (2431).txt,3,0.725391,0.538889,36
19627,231231_1600_Cam1_C2 (2432).txt,3,0.723828,0.545139,36
19631,231231_1600_Cam1_C2 (2433).txt,3,0.724609,0.546528,36
19635,231231_1600_Cam1_C2 (2434).txt,3,0.727344,0.541667,36
19637,231231_1600_Cam1_C2 (2435).txt,3,0.726172,0.532639,36
19640,231231_1600_Cam1_C2 (2436).txt,3,0.726172,0.543056,36
19643,231231_1600_Cam1_C2 (2437).txt,3,0.726562,0.538889,36
19646,231231_1600_Cam1_C2 (2438).txt,3,0.725781,0.547917,36
19649,231231_1600_Cam1_C2 (2439).txt,3,0.727344,0.544444,36
19654,231231_1600_Cam1_C2 (2440).txt,3,0.724219,0.543056,36
19657,231231_1600_Cam1_C2 (2441).txt,3,0.723437,0.546528,36
19660,231231_1600_Cam1_C2 (2442).txt,3,0.725391,0.546528,36
19664,231231_1600_Cam1_C2 (2443).txt,3,0.726562,0.541667,36
19667,231231_1600_Cam1_C2 (2444).txt,3,0.726562,0.543056,36
19670,231231_1600_Cam1_C2 (2445).txt,3,0.725,0.527083,36
19673,231231_1600_Cam1_C2 (2446).txt,3,0.725781,0.544444,36
19676,231231_1600_Cam1_C2 (2447).txt,3,0.724609,0.528472,36
19679,231231_1600_Cam1_C2 (2448).txt,3,0.724609,0.529167,36
19682,231231_1600_Cam1_C2 (2449).txt,3,0.725391,0.527778,36
19688,231231_1600_Cam1_C2 (2450).txt,3,0.724219,0.528472,36
19691,231231_1600_Cam1_C2 (2451).txt,3,0.722656,0.527778,36
19696,231231_1600_Cam1_C2 (2453).txt,3,0.717578,0.550694,36
19699,231231_1600_Cam1_C2 (2454).txt,3,0.726562,0.545139,36
19702,231231_1600_Cam1_C2 (2455).txt,3,0.726172,0.548611,36
19706,231231_1600_Cam1_C2 (2456).txt,3,0.725391,0.550694,36
19709,231231_1600_Cam1_C2 (2457).txt,3,0.728125,0.550694,36
19713,231231_1600_Cam1_C2 (2458).txt,3,0.725781,0.547222,36
19715,231231_1600_Cam1_C2 (2459).txt,3,0.725781,0.54375,36
19721,231231_1600_Cam1_C2 (2460).txt,3,0.723828,0.551389,36
19724,231231_1600_Cam1_C2 (2461).txt,3,0.721094,0.518056,36
19727,231231_1600_Cam1_C2 (2462).txt,3,0.723437,0.531944,36
19731,231231_1600_Cam1_C2 (2464).txt,3,0.728516,0.533333,36
19736,231231_1600_Cam1_C2 (2465).txt,3,0.726172,0.53125,36
19739,231231_1600_Cam1_C2 (2466).txt,3,0.726562,0.53125,36
19742,231231_1600_Cam1_C2 (2467).txt,3,0.726172,0.531944,36
19745,231231_1600_Cam1_C2 (2468).txt,3,0.726953,0.534722,36
19748,231231_1600_Cam1_C2 (2469).txt,3,0.726562,0.533333,36
19753,231231_1600_Cam1_C2 (2470).txt,3,0.725781,0.534722,36
19757,231231_1600_Cam1_C2 (2471).txt,3,0.727344,0.532639,36
19759,231231_1600_Cam1_C2 (2472).txt,3,0.726562,0.545833,36
19762,231231_1600_Cam1_C2 (2473).txt,3,0.725781,0.533333,36
19765,231231_1600_Cam1_C2 (2474).txt,3,0.728516,0.542361,36
19768,231231_1600_Cam1_C2 (2475).txt,3,0.725781,0.54375,36
19771,231231_1600_Cam1_C2 (2476).txt,3,0.727344,0.550694,36
19775,231231_1600_Cam1_C2 (2477).txt,3,0.729688,0.540278,36
19776,231231_1600_Cam1_C2 (2478).txt,3,0.727734,0.534028,36
19779,231231_1600_Cam1_C2 (2479).txt,3,0.727344,0.534028,36
19786,231231_1600_Cam1_C2 (2480).txt,3,0.726953,0.534028,36
19790,231231_1600_Cam1_C2 (2481).txt,3,0.727344,0.532639,36
19793,231231_1600_Cam1_C2 (2482).txt,3,0.726562,0.533333,36
19795,231231_1600_Cam1_C2 (2483).txt,3,0.727344,0.534028,36
19798,231231_1600_Cam1_C2 (2484).txt,3,0.727344,0.534028,36
19804,231231_1600_Cam1_C2 (2485).txt,3,0.728516,0.532639,36
19807,231231_1600_Cam1_C2 (2486).txt,3,0.728125,0.534028,36
19811,231231_1600_Cam1_C2 (2487).txt,3,0.726953,0.534722,36
19816,231231_1600_Cam1_C2 (2488).txt,3,0.726953,0.5375,36
19821,231231_1600_Cam1_C2 (2489).txt,3,0.726953,0.531944,36
19828,231231_1600_Cam1_C2 (2490).txt,3,0.727344,0.53125,36
19832,231231_1600_Cam1_C2 (2491).txt,3,0.726562,0.532639,36
19836,231231_1600_Cam1_C2 (2492).txt,3,0.726562,0.534722,36
19838,231231_1600_Cam1_C2 (2493).txt,3,0.726172,0.533333,36
19842,231231_1600_Cam1_C2 (2494).txt,3,0.726562,0.536806,36
19846,231231_1600_Cam1_C2 (2495).txt,3,0.727344,0.532639,36
19850,231231_1600_Cam1_C2 (2496).txt,3,0.727344,0.531944,36
19852,231231_1600_Cam1_C2 (2497).txt,3,0.728516,0.533333,36
19856,231231_1600_Cam1_C2 (2498).txt,3,0.727734,0.535417,36
19858,231231_1600_Cam1_C2 (2499).txt,3,0.726953,0.534722,36
19867,231231_1600_Cam1_C2 (2500).txt,3,0.725391,0.530556,36
19870,231231_1600_Cam1_C2 (2501).txt,3,0.728516,0.546528,36
19873,231231_1600_Cam1_C2 (2502).txt,3,0.722656,0.529167,36
19876,231231_1600_Cam1_C2 (2503).txt,3,0.725391,0.527083,36
19880,231231_1600_Cam1_C2 (2504).txt,3,0.723828,0.526389,36
19884,231231_1600_Cam1_C2 (2505).txt,3,0.723437,0.527083,36
19887,231231_1600_Cam1_C2 (2506).txt,3,0.723047,0.539583,36
19892,231231_1600_Cam1_C2 (2507).txt,3,0.722266,0.546528,36
19894,231231_1600_Cam1_C2 (2508).txt,3,0.71875,0.55,36
19899,231231_1600_Cam1_C2 (2509).txt,3,0.720313,0.550694,36
19905,231231_1600_Cam1_C2 (2510).txt,3,0.724219,0.529167,36
19908,231231_1600_Cam1_C2 (2511).txt,3,0.723047,0.529861,36
19910,231231_1600_Cam1_C2 (2512).txt,3,0.725,0.532639,36
19914,231231_1600_Cam1_C2 (2513).txt,3,0.723828,0.530556,36
19919,231231_1600_Cam1_C2 (2514).txt,3,0.724219,0.532639,36
19924,231231_1600_Cam1_C2 (2515).txt,3,0.722656,0.549306,36
19928,231231_1600_Cam1_C2 (2516).txt,3,0.723828,0.547917,36
19932,231231_1600_Cam1_C2 (2517).txt,3,0.722656,0.53125,36
19934,231231_1600_Cam1_C2 (2518).txt,3,0.721484,0.549306,36
19938,231231_1600_Cam1_C2 (2519).txt,3,0.720703,0.535417,36
19945,231231_1600_Cam1_C2 (2520).txt,3,0.720313,0.534722,36
19949,231231_1600_Cam1_C2 (2521).txt,3,0.720313,0.544444,36
19953,231231_1600_Cam1_C2 (2522).txt,3,0.720313,0.532639,36
19958,231231_1600_Cam1_C2 (2523).txt,3,0.721875,0.5375,36
19961,231231_1600_Cam1_C2 (2524).txt,3,0.720313,0.535417,36
19967,231231_1600_Cam1_C2 (2525).txt,3,0.723828,0.534722,36
19970,231231_1600_Cam1_C2 (2526).txt,3,0.725391,0.534028,36
19974,231231_1600_Cam1_C2 (2527).txt,3,0.725,0.536111,36
19979,231231_1600_Cam1_C2 (2528).txt,3,0.725781,0.534028,36
19982,231231_1600_Cam1_C2 (2529).txt,3,0.725391,0.542361,36
19989,231231_1600_Cam1_C2 (2530).txt,3,0.728516,0.534722,36
19993,231231_1600_Cam1_C2 (2531).txt,3,0.728125,0.532639,36
19997,231231_1600_Cam1_C2 (2532).txt,3,0.727344,0.536111,36
20002,231231_1600_Cam1_C2 (2533).txt,3,0.728516,0.534722,36
20006,231231_1600_Cam1_C2 (2534).txt,3,0.728906,0.536111,36
20010,231231_1600_Cam1_C2 (2535).txt,3,0.729297,0.535417,36
20014,231231_1600_Cam1_C2 (2536).txt,3,0.728516,0.534722,36
20018,231231_1600_Cam1_C2 (2537).txt,3,0.725,0.534722,36
20023,231231_1600_Cam1_C2 (2538).txt,3,0.725391,0.533333,36
20027,231231_1600_Cam1_C2 (2539).txt,3,0.726562,0.535417,36
20034,231231_1600_Cam1_C2 (2540).txt,3,0.726953,0.534722,36
20038,231231_1600_Cam1_C2 (2541).txt,3,0.726562,0.532639,36
20041,231231_1600_Cam1_C2 (2542).txt,3,0.724219,0.531944,36
20044,231231_1600_Cam1_C2 (2543).txt,3,0.727344,0.534722,36
20048,231231_1600_Cam1_C2 (2544).txt,3,0.726953,0.535417,36
20051,231231_1600_Cam1_C2 (2545).txt,3,0.722656,0.535417,36
20054,231231_1600_Cam1_C2 (2546).txt,3,0.726562,0.532639,36
20057,231231_1600_Cam1_C2 (2547).txt,3,0.726172,0.546528,36
20060,231231_1600_Cam1_C2 (2548).txt,3,0.725,0.546528,36
20064,231231_1600_Cam1_C2 (2549).txt,3,0.726953,0.533333,36
20070,231231_1600_Cam1_C2 (2550).txt,3,0.726172,0.532639,36
20074,231231_1600_Cam1_C2 (2551).txt,3,0.725781,0.533333,36
20078,231231_1600_Cam1_C2 (2552).txt,3,0.724219,0.533333,36
20082,231231_1600_Cam1_C2 (2553).txt,3,0.723437,0.534722,36
20085,231231_1600_Cam1_C2 (2554).txt,3,0.724219,0.533333,36
20089,231231_1600_Cam1_C2 (2555).txt,3,0.724219,0.530556,36
20094,231231_1600_Cam1_C2 (2556).txt,3,0.723047,0.530556,36
20097,231231_1600_Cam1_C2 (2557).txt,3,0.723047,0.530556,36
20101,231231_1600_Cam1_C2 (2558).txt,3,0.723437,0.531944,36
20105,231231_1600_Cam1_C2 (2559).txt,3,0.723437,0.53125,36
20112,231231_1600_Cam1_C2 (2560).txt,3,0.723047,0.533333,36
20115,231231_1600_Cam1_C2 (2561).txt,3,0.725,0.532639,36
20120,231231_1600_Cam1_C2 (2562).txt,3,0.725391,0.531944,36
20122,231231_1600_Cam1_C2 (2563).txt,3,0.725,0.546528,36
20126,231231_1600_Cam1_C2 (2564).txt,3,0.726953,0.53125,36
20129,231231_1600_Cam1_C2 (2565).txt,3,0.728125,0.534722,36
20132,231231_1600_Cam1_C2 (2566).txt,3,0.726953,0.541667,36
20147,231231_1600_Cam1_C2 (2570).txt,3,0.726953,0.540972,36
20150,231231_1600_Cam1_C2 (2571).txt,3,0.729688,0.535417,36
20154,231231_1600_Cam1_C2 (2572).txt,3,0.730859,0.545139,36
20156,231231_1600_Cam1_C2 (2573).txt,3,0.730469,0.544444,36
20160,231231_1600_Cam1_C2 (2574).txt,3,0.730078,0.54375,36
20165,231231_1600_Cam1_C2 (2576).txt,3,0.725,0.532639,36
20166,231231_1600_Cam1_C2 (2577).txt,3,0.725391,0.540972,36
20169,231231_1600_Cam1_C2 (2578).txt,3,0.725391,0.545139,36
20172,231231_1600_Cam1_C2 (2579).txt,3,0.726172,0.545139,36
20178,231231_1600_Cam1_C2 (2580).txt,3,0.726172,0.544444,36
20182,231231_1600_Cam1_C2 (2581).txt,3,0.725391,0.545139,36
20184,231231_1600_Cam1_C2 (2582).txt,3,0.725391,0.544444,36
20188,231231_1600_Cam1_C2 (2583).txt,3,0.726562,0.5375,36
20190,231231_1600_Cam1_C2 (2584).txt,3,0.726562,0.545139,36
20193,231231_1600_Cam1_C2 (2585).txt,3,0.727344,0.547917,36
20196,231231_1600_Cam1_C2 (2586).txt,3,0.724609,0.545139,36
20199,231231_1600_Cam1_C2 (2587).txt,3,0.724219,0.548611,36
20210,231231_1600_Cam1_C2 (2590).txt,3,0.724609,0.533333,36
20212,231231_1600_Cam1_C2 (2591).txt,3,0.723047,0.542361,36
20215,231231_1600_Cam1_C2 (2592).txt,3,0.722266,0.528472,36
20217,231231_1600_Cam1_C2 (2593).txt,3,0.726172,0.540972,36
20220,231231_1600_Cam1_C2 (2594).txt,3,0.726172,0.544444,36
20224,231231_1600_Cam1_C2 (2595).txt,3,0.725781,0.531944,36
20227,231231_1600_Cam1_C2 (2596).txt,3,0.730078,0.525694,36
20230,231231_1600_Cam1_C2 (2597).txt,3,0.725781,0.543056,36
20233,231231_1600_Cam1_C2 (2598).txt,3,0.725781,0.514583,36
20236,231231_1600_Cam1_C2 (2599).txt,3,0.723047,0.530556,36
20245,231231_1600_Cam1_C2 (2600).txt,3,0.724609,0.534722,36
20248,231231_1600_Cam1_C2 (2601).txt,3,0.726562,0.516667,36
20251,231231_1600_Cam1_C2 (2602).txt,3,0.726172,0.532639,36
20254,231231_1600_Cam1_C2 (2603).txt,3,0.725781,0.534028,36
20257,231231_1600_Cam1_C2 (2604).txt,3,0.725391,0.531944,36
20260,231231_1600_Cam1_C2 (2605).txt,3,0.726953,0.532639,36
20263,231231_1600_Cam1_C2 (2606).txt,3,0.726172,0.543056,36
20265,231231_1600_Cam1_C2 (2607).txt,3,0.724609,0.538194,36
20267,231231_1600_Cam1_C2 (2608).txt,3,0.726172,0.543056,36
20270,231231_1600_Cam1_C2 (2609).txt,3,0.725781,0.534028,36
20276,231231_1600_Cam1_C2 (2610).txt,3,0.723047,0.534722,36
20280,231231_1600_Cam1_C2 (2611).txt,3,0.723437,0.533333,36
20283,231231_1600_Cam1_C2 (2612).txt,3,0.725,0.533333,36
20286,231231_1600_Cam1_C2 (2613).txt,3,0.722266,0.541667,36
20288,231231_1600_Cam1_C2 (2614).txt,3,0.724219,0.525694,36
20292,231231_1600_Cam1_C2 (2615).txt,3,0.724219,0.540972,36
20296,231231_1600_Cam1_C2 (2616).txt,3,0.724609,0.501389,36
20300,231231_1600_Cam1_C2 (2617).txt,3,0.724609,0.534722,36
20304,231231_1600_Cam1_C2 (2618).txt,3,0.725391,0.535417,36
20307,231231_1600_Cam1_C2 (2619).txt,3,0.724609,0.532639,36
20313,231231_1600_Cam1_C2 (2620).txt,3,0.725781,0.534028,36
20315,231231_1600_Cam1_C2 (2621).txt,3,0.723437,0.538889,36
20322,231231_1600_Cam1_C2 (2623).txt,3,0.724219,0.531944,36
20327,231231_1600_Cam1_C2 (2624).txt,3,0.726172,0.529861,36
20331,231231_1600_Cam1_C2 (2625).txt,3,0.725781,0.532639,36
20335,231231_1600_Cam1_C2 (2626).txt,3,0.726562,0.531944,36
20339,231231_1600_Cam1_C2 (2627).txt,3,0.726172,0.531944,36
20342,231231_1600_Cam1_C2 (2628).txt,3,0.726172,0.533333,36
20347,231231_1600_Cam1_C2 (2629).txt,3,0.725391,0.53125,36
20354,231231_1600_Cam1_C2 (2630).txt,3,0.725,0.53125,36
20357,231231_1600_Cam1_C2 (2631).txt,3,0.724219,0.531944,36
20359,231231_1600_Cam1_C2 (2632).txt,3,0.725781,0.53125,36
20361,231231_1600_Cam1_C2 (2633).txt,3,0.725781,0.530556,36
20362,231231_1600_Cam1_C2 (2634).txt,3,0.723437,0.501389,36
20364,231231_1600_Cam1_C2 (2635).txt,3,0.726562,0.545139,36
20368,231231_1600_Cam1_C2 (2636).txt,3,0.726172,0.532639,36
20370,231231_1600_Cam1_C2 (2637).txt,3,0.725391,0.532639,36
20373,231231_1600_Cam1_C2 (2638).txt,3,0.725,0.535417,36
20377,231231_1600_Cam1_C2 (2639).txt,3,0.725,0.534722,36
20383,231231_1600_Cam1_C2 (2640).txt,3,0.725391,0.534028,36
20386,231231_1600_Cam1_C2 (2641).txt,3,0.724609,0.536806,36
20389,231231_1600_Cam1_C2 (2642).txt,3,0.724609,0.536111,36
20392,231231_1600_Cam1_C2 (2643).txt,3,0.726953,0.5375,36
20393,231231_1600_Cam1_C2 (2644).txt,3,0.725781,0.547222,36
20397,231231_1600_Cam1_C2 (2645).txt,3,0.725781,0.546528,36
20401,231231_1600_Cam1_C2 (2646).txt,3,0.725391,0.529861,36
20403,231231_1600_Cam1_C2 (2647).txt,3,0.725391,0.522917,36
20405,231231_1600_Cam1_C2 (2648).txt,3,0.723828,0.527083,36
20409,231231_1600_Cam1_C2 (2649).txt,3,0.725,0.530556,36
20414,231231_1600_Cam1_C2 (2650).txt,3,0.725781,0.530556,36
20416,231231_1600_Cam1_C2 (2651).txt,3,0.725781,0.53125,36
20418,231231_1600_Cam1_C2 (2652).txt,3,0.725,0.534028,36
20422,231231_1600_Cam1_C2 (2653).txt,3,0.725,0.534028,36
20425,231231_1600_Cam1_C2 (2654).txt,3,0.726953,0.531944,36
20429,231231_1600_Cam1_C2 (2655).txt,3,0.726562,0.534028,36
20432,231231_1600_Cam1_C2 (2656).txt,3,0.726172,0.534028,36
20434,231231_1600_Cam1_C2 (2657).txt,3,0.725391,0.532639,36
20437,231231_1600_Cam1_C2 (2658).txt,3,0.726562,0.531944,36
20441,231231_1600_Cam1_C2 (2659).txt,3,0.725,0.53125,36
20447,231231_1600_Cam1_C2 (2660).txt,3,0.725,0.531944,36
20450,231231_1600_Cam1_C2 (2661).txt,3,0.725,0.533333,36
20453,231231_1600_Cam1_C2 (2662).txt,3,0.726172,0.529861,36
20454,231231_1600_Cam1_C2 (2663).txt,3,0.726562,0.53125,36
20458,231231_1600_Cam1_C2 (2664).txt,3,0.725391,0.534028,36
20462,231231_1600_Cam1_C2 (2665).txt,3,0.726172,0.533333,36
20464,231231_1600_Cam1_C2 (2666).txt,3,0.725,0.532639,36
20467,231231_1600_Cam1_C2 (2667).txt,3,0.725,0.532639,36
20471,231231_1600_Cam1_C2 (2668).txt,3,0.725,0.534028,36
20475,231231_1600_Cam1_C2 (2669).txt,3,0.725,0.534722,36
20481,231231_1600_Cam1_C2 (2670).txt,3,0.725,0.532639,36
20485,231231_1600_Cam1_C2 (2671).txt,3,0.725,0.531944,36
20490,231231_1600_Cam1_C2 (2672).txt,3,0.725,0.531944,36
20493,231231_1600_Cam1_C2 (2673).txt,3,0.724609,0.533333,36
20497,231231_1600_Cam1_C2 (2674).txt,3,0.724609,0.533333,36
20500,231231_1600_Cam1_C2 (2675).txt,3,0.724609,0.534028,36
20505,231231_1600_Cam1_C2 (2676).txt,3,0.725,0.534722,36
20508,231231_1600_Cam1_C2 (2677).txt,3,0.725,0.531944,36
20512,231231_1600_Cam1_C2 (2678).txt,3,0.725391,0.532639,36
20516,231231_1600_Cam1_C2 (2679).txt,3,0.724609,0.53125,36
20523,231231_1600_Cam1_C2 (2680).txt,3,0.726172,0.530556,36
20529,231231_1600_Cam1_C2 (2681).txt,3,0.726953,0.530556,36
20533,231231_1600_Cam1_C2 (2682).txt,3,0.726953,0.53125,36
20536,231231_1600_Cam1_C2 (2683).txt,3,0.726172,0.53125,36
20541,231231_1600_Cam1_C2 (2684).txt,3,0.727344,0.532639,36
20544,231231_1600_Cam1_C2 (2685).txt,3,0.728125,0.532639,36
20555,231231_1600_Cam1_C2 (2688).txt,3,0.729688,0.531944,36
20560,231231_1600_Cam1_C2 (2689).txt,3,0.726562,0.545139,36
20566,231231_1600_Cam1_C2 (2690).txt,3,0.725391,0.545139,36
20571,231231_1600_Cam1_C2 (2691).txt,3,0.725781,0.533333,36
20575,231231_1600_Cam1_C2 (2692).txt,3,0.724219,0.528472,36
20578,231231_1600_Cam1_C2 (2693).txt,3,0.727734,0.519444,36
20581,231231_1600_Cam1_C2 (2694).txt,3,0.728516,0.51875,36
20583,231231_1600_Cam1_C2 (2695).txt,3,0.728906,0.511806,36
20585,231231_1600_Cam1_C2 (2696).txt,3,0.724609,0.527083,36
20589,231231_1600_Cam1_C2 (2697).txt,3,0.728125,0.530556,36
20593,231231_1600_Cam1_C2 (2698).txt,3,0.728516,0.531944,36
20595,231231_1600_Cam1_C2 (2699).txt,3,0.728516,0.530556,36
20603,231231_1600_Cam1_C2 (2700).txt,3,0.725781,0.530556,36
20606,231231_1600_Cam1_C2 (2701).txt,3,0.726172,0.530556,36
20609,231231_1600_Cam1_C2 (2702).txt,3,0.726172,0.530556,36
20612,231231_1600_Cam1_C2 (2703).txt,3,0.725,0.533333,36
20615,231231_1600_Cam1_C2 (2704).txt,3,0.726172,0.53125,36
20618,231231_1600_Cam1_C2 (2705).txt,3,0.726172,0.53125,36
20621,231231_1600_Cam1_C2 (2706).txt,3,0.725781,0.529861,36
20623,231231_1600_Cam1_C2 (2707).txt,3,0.726172,0.529167,36
20625,231231_1600_Cam1_C2 (2708).txt,3,0.726172,0.530556,36
20627,231231_1600_Cam1_C2 (2709).txt,3,0.726172,0.532639,36
20632,231231_1600_Cam1_C2 (2710).txt,3,0.726172,0.532639,36
20634,231231_1600_Cam1_C2 (2711).txt,3,0.725391,0.531944,36
20636,231231_1600_Cam1_C2 (2712).txt,3,0.725,0.532639,36
20638,231231_1600_Cam1_C2 (2713).txt,3,0.724219,0.531944,36
20640,231231_1600_Cam1_C2 (2714).txt,3,0.725,0.533333,36
20642,231231_1600_Cam1_C2 (2715).txt,3,0.724219,0.53125,36
20643,231231_1600_Cam1_C2 (2716).txt,3,0.724609,0.533333,36
20646,231231_1600_Cam1_C2 (2717).txt,3,0.726172,0.531944,36
20648,231231_1600_Cam1_C2 (2718).txt,3,0.725781,0.531944,36
20650,231231_1600_Cam1_C2 (2719).txt,3,0.725781,0.53125,36
20655,231231_1600_Cam1_C2 (2720).txt,3,0.725781,0.532639,36
20657,231231_1600_Cam1_C2 (2721).txt,3,0.725781,0.531944,36
20659,231231_1600_Cam1_C2 (2722).txt,3,0.725391,0.530556,36
20661,231231_1600_Cam1_C2 (2723).txt,3,0.726172,0.53125,36
20663,231231_1600_Cam1_C2 (2724).txt,3,0.726172,0.53125,36
20664,231231_1600_Cam1_C2 (2725).txt,3,0.722656,0.543056,36
20668,231231_1600_Cam1_C2 (2726).txt,3,0.726172,0.54375,36
20672,231231_1600_Cam1_C2 (2727).txt,3,0.726562,0.5125,36
20676,231231_1600_Cam1_C2 (2728).txt,3,0.725391,0.529167,36
20678,231231_1600_Cam1_C2 (2729).txt,3,0.724609,0.530556,36
20685,231231_1600_Cam1_C2 (2730).txt,3,0.725391,0.534028,36
20687,231231_1600_Cam1_C2 (2731).txt,3,0.726562,0.53125,36
20691,231231_1600_Cam1_C2 (2732).txt,3,0.726953,0.54375,36
20697,231231_1600_Cam1_C2 (2733).txt,3,0.726953,0.54375,36
20699,231231_1600_Cam1_C2 (2734).txt,3,0.725,0.505556,36
20703,231231_1600_Cam1_C2 (2735).txt,3,0.724219,0.534722,36
20706,231231_1600_Cam1_C2 (2736).txt,3,0.724219,0.534028,36
20710,231231_1600_Cam1_C2 (2737).txt,3,0.724609,0.525,36
20713,231231_1600_Cam1_C2 (2738).txt,3,0.723047,0.527778,36
20718,231231_1600_Cam1_C2 (2739).txt,3,0.724609,0.525694,36
20724,231231_1600_Cam1_C2 (2740).txt,3,0.725391,0.520833,36
20894,231231_1600_Cam1_C2 (32).txt,3,0.71875,0.511806,36
