{"info":{"description":"Project99 Logo Dataset","version":"0.0.1","year":"2022","contributor":"Smartcoop Consortium","date_created":"2022-12-27"},"images":[{"id":868401,"width":1024,"height":1024,"file_name":"606136.png"}],"annotations":[{"id":1,"image_id":868401,"category_id":175,"category":"SYMBOLMARK_SYMBOL","bbox":[217,339,591,347],"area":205077}],"categories":[{"id":175,"name":"SYMBOLMARK_SYMBOL"}],"metas":[{"image_id":868401,"type":"심볼 마크","class":"A.농업, 임업 및 어업01~03","name":"ASB GREENWORLD","applicant":"ASB Gr&#252;nland Helmut Aurenz GmbH","nation":"독일","shape":"050520, 051111, 260215","design_keyword":"도안화양식화된 꽃/ 풀/ 동물 또는 동물 몸체의 일부, 식물을 포함하는 원 또는 타원의 절단부 또는 부채꼴, 반원 또는 반타원"}],"licenses":[{"id":1,"name":"Copyright 2022 National Information Society Agency. All Rights Reserved.","url":"https://www.nia.or.kr/"}]}