{"info":{"description":"Project99 Logo Dataset","version":"0.0.1","year":"2022","contributor":"Smartcoop Consortium","date_created":"2022-12-27"},"images":[{"id":1401544,"width":1024,"height":1024,"file_name":"745380.png"}],"annotations":[{"id":1,"image_id":1401544,"category_id":175,"category":"SYMBOLMARK_SYMBOL","bbox":[0,0,1023,1024],"area":1047552}],"categories":[{"id":175,"name":"SYMBOLMARK_SYMBOL"}],"metas":[{"image_id":1401544,"type":"심볼 마크","class":"A.농업, 임업 및 어업01~03","name":"WITH LECITHINE Premium BEST CHOICE","applicant":"임포르타 한델 휘버스 게엠베하, IPH GROUP H&#252;bers GmbH","nation":"독일, 독일","shape":"030603, 260118, 260705","design_keyword":"네발짐승의 발톱, 발톱자국/ 하나 이상의 문자를 포함하는 원 또는 타원/ 기타 하나 이상의 사변형과 함께 있는 원 또는 타원"}],"licenses":[{"id":1,"name":"Copyright 2022 National Information Society Agency. All Rights Reserved.","url":"https://www.nia.or.kr/"}]}