{"info":{"description":"Project99 Logo Dataset","version":"0.0.1","year":"2022","contributor":"Smartcoop Consortium","date_created":"2022-12-27"},"images":[{"id":1469606,"width":1024,"height":1024,"file_name":"749126.png"}],"annotations":[{"id":1,"image_id":1469606,"category_id":175,"category":"SYMBOLMARK_SYMBOL","bbox":[197,402,629,219],"area":137751}],"categories":[{"id":175,"name":"SYMBOLMARK_SYMBOL"}],"metas":[{"image_id":1469606,"type":"심볼 마크","class":"A.농업, 임업 및 어업01~03","name":"FARM FRITES","applicant":"팜 프리츠 인터내셔날 브이오에프, Farm Frites International VOF","nation":"네덜란드, 네덜란드","shape":"260112, 261112","design_keyword":"하나 이상의 기타 다른 기하 도형을 포함하는 원 또는 타원/ 곡선 또는 띠"}],"licenses":[{"id":1,"name":"Copyright 2022 National Information Society Agency. All Rights Reserved.","url":"https://www.nia.or.kr/"}]}