{"info":{"description":"Project99 Logo Dataset","version":"0.0.1","year":"2022","contributor":"Smartcoop Consortium","date_created":"2022-12-27"},"images":[{"id":1453758,"width":1024,"height":1024,"file_name":"759580.png"}],"annotations":[{"id":1,"image_id":1453758,"category_id":175,"category":"SYMBOLMARK_SYMBOL","bbox":[123,440,780,327],"area":255060}],"categories":[{"id":175,"name":"SYMBOLMARK_SYMBOL"}],"metas":[{"image_id":1453758,"type":"심볼 마크","class":"A.농업, 임업 및 어업01~03","name":"학HE","applicant":"홍해 케미컬 인코포레이티드지공 홍해 후아공 구펜 유시안 공시, HONGHE CHEMICAL INC. ZIGONG HONGHE HUAGONG GUFEN YOUXIAN GONGSI","nation":"중국, 중국","shape":"030707, 260103","design_keyword":"황새, 왜가리, 학, 플라밍고, 백학 또는 기타 다른 섭금류물가에서 먹이를 찾는 새/ 하나의 원 또는 타원"}],"licenses":[{"id":1,"name":"Copyright 2022 National Information Society Agency. All Rights Reserved.","url":"https://www.nia.or.kr/"}]}