{"info":{"description":"Project99 Logo Dataset","version":"0.0.1","year":"2022","contributor":"Smartcoop Consortium","date_created":"2022-12-27"},"images":[{"id":1343451,"width":1024,"height":1024,"file_name":"828428.png"}],"annotations":[{"id":1,"image_id":1343451,"category_id":175,"category":"SYMBOLMARK_SYMBOL","bbox":[171,142,684,744],"area":508896}],"categories":[{"id":175,"name":"SYMBOLMARK_SYMBOL"}],"metas":[{"image_id":1343451,"type":"심볼 마크","class":"A.농업, 임업 및 어업01~03","name":"PRODUCT STEWARDSHIP","applicant":"Bayer Aktiengesellschaft","nation":"독일","shape":"020914, 260114","design_keyword":"손, 오므린 손, 손가락, 손톱, 손 또는 손가락 자국, 팔/ 사람 또는 사람 신체 일부를 포함하는 원 또는 타원"}],"licenses":[{"id":1,"name":"Copyright 2022 National Information Society Agency. All Rights Reserved.","url":"https://www.nia.or.kr/"}]}