{"info":{"description":"Project99 Logo Dataset","version":"0.0.1","year":"2022","contributor":"Smartcoop Consortium","date_created":"2022-12-27"},"images":[{"id":1084356,"width":1024,"height":1024,"file_name":"847911.png"}],"annotations":[{"id":1,"image_id":1084356,"category_id":175,"category":"SYMBOLMARK_SYMBOL","bbox":[286,325,460,456],"area":209734}],"categories":[{"id":175,"name":"SYMBOLMARK_SYMBOL"}],"metas":[{"image_id":1084356,"type":"심볼 마크","class":"A.농업, 임업 및 어업01~03","name":"애플 앤드 피어 오스트레일리아 리미티드, Apple and Pear Australia Limited","applicant":"애플 앤드 피어 오스트레일리아 리미티드, Apple and Pear Australia Limited","nation":"오스트레일리아, 오스트레일리아","shape":"020901","design_keyword":"심장"}],"licenses":[{"id":1,"name":"Copyright 2022 National Information Society Agency. All Rights Reserved.","url":"https://www.nia.or.kr/"}]}